id,delta,epsilon,baseline_dist,simp_dist,orig_points,baseline_points,simp_points
4,11.860031060960358,0.5,17.790046591440536,16.77729485416093,672,136,104
3,14.194698422007447,0.5,21.29204763301117,20.0791810649333,1371,650,464
1,11.798658097438354,0.5,17.69798714615753,16.690301394064907,588,206,144
2,10.494525842993726,0.5,15.74178876449059,-1.0,1674,1571,1240
