id,epsilon,baseline_frechet_time_s,simplify_time_s,simplified_frechet_time_s
4,0.5,40.337117,14.041187,35.501501
3,0.5,39.891143,30.063255,30.077557
1,0.5,60.324567,16.224574,46.534516
2,0.5,40.687269,27.506750,65.046132
