id,epsilon,baseline_dist,best_simp_dist,baseline_points,best_points,best_delta
1,0.25,17.69798714615753,13.008327828269529,206,198,8.360387543947649
1,0.5,17.69798714615753,12.309583245155263,206,202,6.966989619956375
1,0.75,17.69798714615753,11.948085745499986,206,206,5.971705388534034
