id,epsilon,baseline_frechet_time_s,simplify_time_s,simplified_frechet_time_s
1,0.25,21.570357,618.836130,0.763472
1,0.5,21.570357,160.778302,1.577340
1,0.75,21.570357,109.634275,0.881292
2,0.25,0.272377,1732.177153,0.438827
