id,epsilon,baseline_dist,simp_dist,baseline_points,best_simp_points,delta
1,0.25,17.69798714615753,24.618720759482795,206,152,14.158389716926024
1,0.5,17.69798714615753,24.527946190884457,206,154,11.798658097438354
1,0.75,17.69798714615753,24.240127010673458,206,156,10.113135512090016
2,0.25,15.74178876449059,26.36406668661194,1571,1270,12.593431011592472
