id,epsilon,iter,delta,simplify_time_s,frechet_time_s,dist,points,note
7,0.5,1,124.9524155395973,12.149046,0.850436,176.71405566361972,172,exceed_baseline_points
5,0.5,1,295.1717716527812,23.185210,32.827561,417.44060972859626,116,
6,0.5,1,101.99203599670396,18.366552,40.231070,144.24243668018198,76,exceed_baseline_points
5,0.5,2,236.137417322225,22.973826,15.222419,333.953711986209,134,
2,0.5,1,181.56308607726248,34.929609,28.725187,256.7832026194928,472,
13,0.5,1,126.74524451389709,6.701874,19.722347,179.24964956175936,186,exceed_baseline_points
11,0.5,1,112.3128681477708,15.124653,3.602525,159.10995735489533,260,exceed_baseline_points
