id,best_delta,epsilon,baseline_dist,best_simp_dist,orig_points,baseline_points,best_points
7,156.1905194244966,0.5,234.28577913674494,220.89158576057,454,169,162
6,127.49004499587994,0.5,191.2350674938199,180.36956484768,792,67,64
13,158.43155564237136,0.5,237.64733346355706,224.2680414492361,368,185,174
11,140.3910851847135,0.5,210.58662777707022,198.54794779892325,703,247,234
