id,epsilon,baseline_frechet_time_s,simplify_time_s,simplified_frechet_time_s
7,0.5,23.906373,12.620716,0.997663
5,0.5,24.970881,26.503876,4.258795
6,0.5,24.243819,23.501411,24.084595
2,0.5,24.651158,38.787596,28.520247
13,0.5,42.437475,7.583110,15.558131
11,0.5,23.947408,14.843160,34.666793
