id,delta,epsilon,baseline_dist,simp_dist,orig_points,baseline_points,simp_points
7,156.1905194244966,0.5,234.28577913674494,220.89158576057,454,169,162
5,368.9647145659765,0.5,553.4470718489648,521.7993228609175,798,184,102
6,127.49004499587994,0.5,191.2350674938199,180.36956484768,792,67,64
2,226.9538575965781,0.5,340.43078639486714,321.5586437976602,1674,595,392
