5617
6164.50700279866 38.6888661958335
6043.20947512749 48.3575097058186
6042.33050753539 48.9434881003443
5892.32003853141 74.7265374605128
5890.85509254499 76.7774618414566
5727.36712046589 82.6372457869211
5724.43722849347 84.3951809704979
5691.32944920142 90.840943310488
5669.35525940598 88.7900189295442
5640.05633967845 85.5671377595492
5559.77729962532 84.102191773131
5559.77729962532 84.102191773131
5558.01936444153 84.102191773131
5549.5226777208 84.3951809704979
5479.79124876955 82.0512673923954
5477.44733519145 84.9811593650236
5202.91645734568 80.0003430114516
5018.91924145755 77.6564294331409
5004.56277079115 78.2424078276666
4997.23804085948 78.5353970250335
4997.23804085948 76.7774618414566
4994.89412728138 73.2615914740946
4994.30814888664 28.7272334884815
4996.94505166211 -91.3983373938523
4994.01515968927 -92.8632833802705
4986.6904297576 -93.1562725774292
4931.02248227538 -94.3282293666886
4921.64682796296 -94.6212185638473
4890.29698385428 -96.0861645502655
4884.43719990903 -96.6721429447911
4868.32279405884 -98.7230673257349
4865.97888048074 -104.582851271199
4871.25268603168 -179.295096576027
4871.25268603168 -179.295096576027
4871.25268603168 -181.053031759604
4873.88958880715 -243.752719976345
4869.78774004526 -245.217665962763
4834.62903637247 -240.822828003508
4832.28512279437 -242.287773989927
4832.87110118869 -246.97560114634
4831.69914439964 -252.542395894437
4828.47626322985 -255.472287867274
4819.97957650871 -255.472287867274
4819.97957650871 -255.472287867274
4819.97957650871 -255.472287867274
4812.36185737967 -258.402179839902
4799.17734350232 -257.23022305085
4767.82749939405 -258.695169037269
4766.94853180237 -255.472287867274
4766.94853180237 -249.905493118968
4773.68728333931 -191.014664466956
4868.90877245358 -189.549718480538
4874.18257800452 -247.561579540865
4872.7176320181 -371.49600998772
4866.85784807242 -409.291616435976
4873.88958880715 -523.557403372845
4873.88958880715 -597.683670283148
4885.60915669808 -626.98259001047
4888.53904867091 -626.98259001047
4893.81285422185 -626.103622418786
4967.646131935 -615.263022119541
4974.38488347194 -618.192914092377
5019.21223065492 -620.243838473321
5021.26315503607 -624.638676432367
5027.12293898133 -716.930273573589
5028.58788496774 -718.688208757374
5032.982722927 -720.153154743584
5085.13480004165 -718.395219560007
5121.46546050349 -719.860165546425
5121.46546050349 -719.860165546425
5122.93040648991 -723.669025110946
5121.46546050349 -724.547992702838
5121.46546050349 -724.547992702838
5121.46546050349 -724.547992702838
5130.54812561895 -736.267560593767
5132.01307160537 -730.114787450936
5142.85367190461 -755.311858416579
5144.31861789103 -755.897836811105
5170.68764564572 -761.757620756569
5175.96145119666 -764.101534334671
5218.15189560417 -763.222566742987
5219.03086319586 -765.273491123931
5219.90983078754 -787.247680919371
5219.90983078754 -789.005616102948
5222.83972276038 -790.470562089366
5222.54673356301 -791.935508075784
5220.49580918228 -791.935508075784
5215.5149928287 -820.941438605947
5052.9059883417 -840.278725625918
5044.70229081793 -842.329650006861
5039.42848526699 -845.259541979698
5037.96353928057 -921.436733270736
5040.89343125341 -974.174788780124
5035.91261489942 -976.518702358227
5029.46685255943 -977.10468075296
5029.46685255943 -977.10468075296
4904.94644371805 -980.620551120114
4786.87179721666 -992.340119011043
4669.09013991263 -1025.44789830309
4655.61263683792 -1028.37779027572
4640.96317697457 -1031.30768224856
4635.98236062058 -1034.82355261592
4634.51741463417 -1040.09735816686
4638.3262741991 -1108.07085193433
4641.25616617152 -1183.07608643653
4632.46649025343 -1217.35582251742
4608.14838687989 -1256.90936414946
4609.61333286589 -1307.30350608054
4619.28197637608 -1392.56336248724
4636.56833901532 -1451.1612019421
4645.35801493341 -1500.67637628128
4659.42149640244 -1632.52151505455
4672.02003188547 -1934.59337744406
4684.91155656545 -2091.3425979856
4686.37650255187 -2229.04752070433
4698.0960704428 -2458.16507297238
4715.08944388467 -2780.45318997376
4719.48428184392 -2869.81489514235
4734.13374170769 -3160.75316803526
4734.13374170769 -3161.92512482431
4737.06363368011 -3236.9303593265
4737.06363368011 -3238.98128370745
4747.90423397935 -3418.29067243916
4750.83412595219 -3427.95931594914
4751.12711514955 -3469.85677115929
4748.78320157104 -3472.78666313192
4743.80238521746 -3473.95861992118
4743.80238521746 -3473.95861992118
4559.80516932934 -3477.7674794857
4539.88190391505 -3481.57633905022
4538.709947126 -3484.50623102305
4539.88190391505 -3503.2575396485
4539.88190391505 -3507.94536680491
4548.96456903051 -3664.40159814908
4553.35940698935 -3667.33149012192
4564.78598568333 -3667.62447931908
4610.19931126062 -3667.62447931908
4629.24360908323 -3681.98094998548
4631.00154426701 -3689.30567991736
4638.03328500174 -3770.75667675954
4632.46649025343 -3775.15151471859
4604.33952731495 -3783.94119063689
4609.02735447157 -3819.97886190157
4609.61333286589 -3834.62832176534
4610.49230045799 -3840.19511651343
4614.00817082514 -3841.95305169722
4614.59414921988 -3838.73017052702
4612.54322483873 -3805.32940203781
4617.5240411923 -3803.57146685423
4624.26279272965 -3800.93456407876
4641.25616617152 -3800.6415748816
4635.39638222627 -3737.06291907297
4625.14176032176 -3677.00013363191
4597.89376497496 -3663.22964136003
4583.83028350593 -3661.47170617646
4551.60147180598 -3665.8665441355
4547.49962304409 -3661.76469537361
4542.81179588747 -3503.2575396485
4542.81179588747 -3501.20661526755
4541.34684990105 -3485.97117700926
4540.174893112 -3482.16231744474
4542.22581749315 -3480.69737145833
4548.08560143841 -3479.81840386664
4640.96317697457 -3477.18150109117
4640.96317697457 -3477.18150109117
4640.96317697457 -3477.18150109117
4753.17803953029 -3472.49367393476
4754.05700712197 -3468.39182517287
4752.29907193861 -3455.20731129552
4756.69390989744 -3422.68551039821
4762.55369384312 -3412.43088849349
4759.03782347596 -3354.71201663053
4750.24814755745 -3162.8040924162
4750.24814755745 -3162.8040924162
4750.24814755745 -3162.8040924162
4750.24814755745 -3162.8040924162
4731.20384973485 -2821.47167759201
4699.56101642922 -2146.13157787572
4698.0960704428 -2120.64151771292
4688.13443773565 -1985.86648696703
4686.66949174924 -1868.37781886017
4700.4399840209 -1866.91287287375
4715.96841147635 -1879.51140835657
4715.6754222794 -1884.49222471014
4691.06432970808 -1887.42211668298
4663.23035596738 -1883.90624631562
4663.23035596738 -1883.90624631562
4652.09676647077 -1884.78521390751
4541.34684990105 -1887.42211668298
4513.51287616036 -1882.4413003292
4498.27743790186 -1887.42211668298
4478.64716168452 -1888.88706266919
4471.02944255548 -1891.81695464202
4444.66041480078 -1895.62581420654
4425.03013858345 -1897.96972778486
4410.38067871968 -1897.09076019296
3859.56098784477 -1900.02065216559
2883.02799333107 -2124.15738808028
2550.48525442497 -2108.92194982199
2543.1605244933 -2105.99205784916
2299.9794907558 -1921.40886356671
2133.85461590164 -1697.27212765223
2072.32688447416 -1123.01330099525
2088.44129032392 -1090.7844892951
2087.56232273224 -1073.2051374587
2089.90623631034 -1070.27524548607
2097.23096624243 -1067.05236431587
2184.24875783251 -1027.7918118812
2259.83997072944 -995.563000181038
2353.59651385687 -958.646361324675
2357.11238422444 -958.060382930149
2358.87031940781 -962.455220889195
2358.57733021086 -965.971091256557
2361.50722218328 -967.436037242767
2360.92124378896 -971.244896807496
2360.33526539422 -975.053756372017
2360.92124378896 -976.518702358227
2364.43711415611 -1057.67671000325
2363.85113576179 -1068.51731030229
2366.1950493399 -1085.51068374416
2369.71091970705 -1087.5616081251
2389.34119592439 -1087.85459732247
2403.40467739342 -1090.49150009794
2414.24527769266 -1091.95644608415
2427.42979157001 -1090.49150009794
2435.63348909379 -1089.02655411152
2448.81800297113 -1086.09666213868
2471.67116035826 -1088.44057571699
2468.44827918847 -1113.34465748527
2490.42246898391 -1089.31954330889
2517.08448593597 -1089.02655411152
2525.5811726567 -1088.44057571699
2529.39003222122 -1089.02655411152
2754.4057357278 -1083.16677016605
2908.22506429671 -1078.18595381227
2912.32691305818 -1076.13502943154
2913.20588065028 -1071.74019147228
2921.11658897669 -982.964464698425
2921.11658897669 -982.964464698425
2917.60071860912 -981.499518712007
2914.08484824197 -982.085497106532
2908.22506429671 -985.308378276527
2902.07229115367 -988.238270249364
2890.64571246011 -987.359302657471
2885.37190690917 -982.085497106532
2884.78592851444 -978.56962673917
2886.83685289559 -964.799134467298
2886.83685289559 -941.067009488281
2882.44201493634 -936.086193134501
2885.37190690917 -934.035268753557
2893.28261523558 -933.742279556399
3153.45702241495 -942.531955474491
3156.97289278211 -947.80576102543
3160.19577395189 -988.824248643889
3174.55224461829 -1014.60729800385
3187.73675849564 -1523.52953366861
3209.71094829149 -1543.15980988616
3239.88883561071 -1555.75834536877
3444.98127370217 -1560.73916172255
4227.26243042366 -1490.71474357393
4233.12221436891 -1492.17968956035
4254.21743657267 -1499.21143029507
4312.81527602773 -1493.3516463494
4316.62413559225 -1497.74648430865
4318.96804917035 -1544.03877747784
4317.21011398657 -1643.65510455095
4312.81527602773 -1650.39385608831
4298.16581616396 -1653.32374806114
4297.57983776923 -1655.37467244188
4302.56065412322 -1654.49570485019
4321.60495194582 -1650.97983448283
4324.82783311603 -1648.63592090473
4324.82783311603 -1645.12005053737
4325.99978990508 -1616.70009840173
4328.9296818775 -1614.35618482363
4339.18430378242 -1606.15248729985
4343.57914174126 -1605.56650890533
4347.97397970052 -1602.05063853817
4344.45810933336 -1602.6366169327
4343.57914174126 -1604.68754131364
4338.01234699337 -1607.03145489174
4338.59832538769 -1610.84031445626
4344.45810933336 -1613.7702064291
4354.12675284314 -1614.35618482363
4354.12675284314 -1614.35618482363
4354.12675284314 -1614.35618482363
4359.98653678881 -1612.01227124552
4362.03746116955 -1650.39385608831
4358.52159080239 -1651.85880207472
4323.36288712961 -1651.85880207472
4319.55402756509 -1648.92891010189
4318.67505997299 -1380.84379459632
4317.50310318394 -1380.55080539895
4311.35033004131 -1263.35512648945
4312.229297633 -1262.76914809493
4310.17837325226 -1256.90936414946
4304.31858930659 -1251.92854779589
4294.06396740208 -1249.58463421758
4103.32799997659 -1254.56545057136
4021.58401393746 -1258.37431013588
4003.71167290349 -1259.25327772756
3990.52715902614 -1259.25327772756
3990.52715902614 -1259.25327772756
3980.565526319 -1259.8392561223
3980.565526319 -1259.8392561223
3960.64226090429 -1260.42523451682
3830.26206811766 -1264.82007247587
3820.59342460746 -1263.64811568682
3817.956521832 -1260.42523451682
3822.05837059388 -1225.55952004119
3820.88641380483 -1219.69973609573
3715.99628118079 -1120.08340902263
3715.99628118079 -1092.83541367604
3715.11731358869 -1083.16677016605
3718.34019475889 -1065.88040752682
3719.51215154794 -1050.35198007137
3732.69666542529 -953.079566576369
3730.05976264982 -948.684728617323
3658.27740931783 -946.926793433746
3488.34367489874 -943.410923066384
3270.06672292992 -934.621247148083
3253.65932788237 -935.207225542609
3238.42388962429 -934.621247148083
3231.68513808693 -933.156301161873
3224.36040815526 -929.640430794511
3218.50062420959 -931.105376780929
3148.47620606096 -928.175484808093
3144.08136810213 -930.226409189037
3142.61642211571 -933.156301161873
3143.78837890476 -941.35999868544
3151.11310883643 -952.200598984684
3173.08729863229 -1020.46708194931
3107.16472924555 -2094.85846835275
3068.4901552052 -2609.93347716035
3047.10194380449 -2628.68478578579
3030.98753795431 -2638.93940769051
3029.81558116526 -2643.62723484693
3038.31226788598 -2636.00951571768
3037.72628949166 -2644.21321324145
3040.07020306977 -2653.00288915954
3062.04439286521 -2676.44202494161
3072.88499316445 -2696.95126875063
3081.08869068823 -2747.63839987908
3073.47097155919 -2827.91743993221
3064.68129564068 -2899.6997932642
3066.1462416271 -2902.04370684251
3068.4901552052 -2904.09463122346
3087.53445302822 -2907.02452319608
3092.51526938179 -2907.02452319608
3094.85918295989 -2906.43854480156
3094.85918295989 -2903.50865282872
3081.67466908254 -2891.78908493779
3094.85918295989 -2804.77129334751
3100.13298851083 -2802.42737976941
3170.15740665945 -2808.28716371487
3173.08729863229 -2805.35727174204
3191.54561806058 -2760.52992455906
3191.54561806058 -2760.52992455906
3191.54561806058 -2760.52992455906
3190.95963966584 -2762.28785974284
3171.62235264587 -2810.63107729298
3168.9854498704 -2810.63107729298
3096.91010734104 -2802.42737976941
3095.44516135462 -2798.03254181015
3108.62967523197 -2734.16089680457
3119.76326472817 -2719.51143694081
3195.94045601941 -2665.30843544521
3225.82535414126 -2659.7416406969
4671.14106429379 -2628.68478578579
4678.46579422546 -2631.907666956
4696.04514606206 -2640.40435367693
4734.13374170769 -2640.40435367693
4742.92341762578 -2638.35342929599
4750.24814755745 -2633.07962374505
4755.22896391103 -2625.16891541864
4752.59206113556 -2613.44934752771
4725.34406578918 -2593.81907131037
4705.42080037447 -2337.45352369552
4698.97503803448 -2237.54420742526
4693.70123248354 -2124.15738808028
4693.70123248354 -2124.74336647481
4687.84144853829 -1984.10855178325
4687.84144853829 -1984.10855178325
4688.13443773565 -1984.40154098061
4672.60601027979 -1656.8396184283
4680.80970780356 -1248.11968823116
4673.19198867452 -1233.4702283676
4652.6827448655 -1210.61707098027
4651.51078807645 -1205.05027623197
4651.51078807645 -1205.05027623197
4651.51078807645 -1202.70636265386
4649.75285289267 -1196.26060031366
4643.89306894699 -1193.33070834104
4630.12257667533 -1191.57277315746
4478.35417248757 -1195.38163272198
4473.95933452831 -1190.98679476273
4476.88922650115 -1140.29966363449
4478.35417248757 -1138.24873925355
4478.35417248757 -1138.24873925355
4478.35417248757 -1138.24873925355
4478.64716168452 -1114.80960347169
4480.11210767094 -1055.62578562231
4481.28406445999 -1052.69589364947
4480.11210767094 -1042.1482825476
4480.11210767094 -1035.11654181308
4484.50694563019 -1033.3586066295
4504.72320024185 -1034.82355261592
4516.44276813278 -1034.82355261592
4594.96387300254 -1030.72170385403
4597.01479738328 -1029.84273626214
4628.07165229417 -1030.72170385403
4638.91225259342 -1030.72170385403
4714.50346548993 -1016.07224399027
4723.87911980276 -1018.12316837121
4723.87911980276 -1018.12316837121
4723.87911980276 -1018.12316837121
4723.29314140844 -1018.12316837121
4739.99352565294 -1008.45452486123
4845.46963667172 -985.894356671053
5011.59451152588 -979.155605133696
5053.49196673602 -972.12386439918
5054.07794513075 -972.12386439918
5054.07794513075 -972.12386439918
5049.09712877677 -970.658918412762
5047.04620439603 -967.729026440134
5039.72147446436 -860.494980237781
5040.89343125341 -859.909001843255
5032.39674453227 -723.08304671642
5032.982722927 -721.325111532843
5029.46685255943 -668.587056023455
5028.58788496774 -639.581125493291
5027.12293898133 -613.212097738597
5017.7472846685 -607.938292187658
5015.4033710904 -607.059324595974
4943.62101775841 -606.473346201448
4938.64020140483 -604.129432623138
4880.04236194977 -605.594378609556
4878.57741596335 -602.078508242194
4882.67926472524 -531.175122502095
4882.97225392261 -522.385446583794
4882.97225392261 -522.385446583794
4882.09328633092 -520.920500597376
4882.09328633092 -520.920500597376
4882.09328633092 -517.111641032855
4882.09328633092 -517.111641032855
4882.09328633092 -510.372889495498
4881.21431873882 -506.857019128344
4881.50730793619 -502.46218116909
4878.2844267664 -467.889455890829
4878.2844267664 -463.787607128941
4877.69844837167 -459.978747564421
4876.23350238525 -457.048855591792
4876.81948077998 -453.53298522443
4874.18257800452 -418.081292354277
4873.30361041241 -416.616346367859
4875.64752399093 -264.261963785366
4873.30361041241 -243.752719976345
4869.78774004526 -242.287773989927
4863.0489885079 -242.580763187293
4838.14490673963 -244.631687568029
4832.28512279437 -245.217665962763
4830.23419841322 -247.561579540865
4828.7692524268 -257.23022305085
4825.54637125701 -257.816201445376
4819.68658731134 -258.402179839902
4822.90946848155 -253.42136348633
4824.0814252706 -246.97560114634
4825.54637125701 -240.822828003508
4841.6607771072 -161.715744739634
4849.86447463056 -162.008733936793
4851.91539901171 -162.008733936793
4839.02387433173 -248.147557935391
4814.70577095777 -258.695169037269
4814.70577095777 -258.695169037269
4783.94190524424 -258.695169037269
4768.41347778837 -259.281147431794
4766.94853180237 -258.402179839902
4762.84668304048 -154.684004005118
4750.83412595219 37.5169094065741
4749.66216916314 48.9434881003443
4745.26733120388 52.7523476648649
4657.07758282434 195.438086737372
4650.63182048435 198.36797871
4609.02735447157 198.36797871
4576.7985427712 199.246946301893
4575.04060758784 201.590859879995
4568.59484524785 337.537847415146
4559.80516932934 529.445771629471
4560.39114772407 530.324739221364
4559.80516932934 538.528436745139
4557.46125575124 541.165339520608
4554.82435297577 544.974199085129
4529.92027120749 556.693766976058
4446.41834998457 573.687140417926
4110.06675151395 774.091751353185
4088.09256171851 782.29544887696
4086.62761573209 787.569254427899
4088.67854011325 810.715401012598
4097.7612052287 831.517634018986
4097.7612052287 831.517634018986
4097.7612052287 844.409158698967
4082.23277777326 875.173024412707
4071.09918827664 874.587046018181
4073.44310185475 866.676337691773
4066.99733951476 869.313240467243
3956.83340133977 862.281499732727
3850.77131192668 864.332424113671
3849.30636594026 865.797370100089
3844.32554958669 940.509615404917
3845.79049557311 942.560539785653
3841.98163600859 966.878643159403
3842.56761440291 974.789351485811
3842.56761440291 997.056530478618
3841.10266841649 999.693433254087
3841.10266841649 999.693433254087
3830.84804651198 1056.240348328
3803.30706196823 1343.9557400509
3802.42809437655 1349.81552399658
3797.15428882561 1359.48416750656
3793.05244006372 1360.36313509825
3671.46192319518 1365.34395145203
3674.09882597065 1499.53300380339
3669.11800961666 1501.58392818434
3668.23904202497 1503.92784176265
3664.72317165782 1495.72414423887
3669.11800961666 1379.40743292106
3652.41762537216 1360.94911349298
3652.41762537216 1360.94911349298
3652.41762537216 1360.94911349298
3652.41762537216 1360.94911349298
3409.23659163507 1358.01922152014
3350.63875218001 1380.57938971032
3348.29483860191 1383.80227088031
3316.06602690196 1897.70532289865
3289.11102075253 1913.23375035431
3050.91080336901 1918.50755590504
2936.64501643214 1914.69869634052
2934.59409205099 1916.74962072146
2934.59409205099 1922.90239386429
2934.30110285404 1922.0234262724
2941.03985439098 1890.67358216413
2946.89963833665 1889.20863617772
3161.36773074136 1900.63521487149
3168.1064822783 1902.1001608577
3306.69037258913 1884.81379821867
3432.38273821956 1600.61427686291
3315.48004850722 1626.10433702572
3312.55015653439 1618.19362869931
3294.9708046982 1554.90796208825
3294.9708046982 1554.90796208825
3295.55678309252 1517.69833403452
3289.69699914726 1514.76844206168
3248.09253313407 1512.42452848358
3162.83267672736 1525.60904236093
3162.83267672736 1525.02306396619
3162.24669833305 1527.95295593903
3165.7625687002 1574.83122750275
3164.29762271378 1582.15595743463
3163.71164431946 1604.13014723028
3303.76048061629 1606.47406080838
3306.39738339176 1604.13014723028
3360.89337408452 985.04397339053
3363.53027685999 948.420323731325
3383.45354227469 854.663780603686
3394.29414257394 783.174416468853
3386.38343424753 664.513791572729
3363.82326605736 539.70039353419
3366.75315803019 478.172662106709
3361.47935247925 475.242770133873
3343.02103305097 472.605867358403
3332.18043275172 473.777824147455
3294.67781550083 473.191845752929
3292.04091272536 477.00070531745
3445.86024129427 552.298929017011
3457.5798091852 552.298929017011
3457.5798091852 554.349853397747
3420.0771919339 556.693766976058
3386.96941264226 580.718881152441
3384.03952066943 585.406708308854
3384.91848826111 599.763178975253
3472.81524744329 620.272422784483
3474.86617182444 621.151390376375
3476.33111781044 624.081282349003
3475.74513941612 641.660634185397
3473.69421503497 663.634823981044
3490.98057767421 673.889445885555
3634.5452843386 709.04814955855
3638.94012229744 713.442987517597
3638.94012229744 713.442987517597
3854.5801714912 786.690286836006
4009.57145684916 797.530887135251
4026.56483029103 810.715401012598
4071.39217747401 883.962700331008
4125.5951789694 1647.49254842684
3992.87107260466 2086.97634433771
3708.08557285438 2470.79219276637
3573.31054210807 2658.89125741638
3378.47272592112 2907.93207509914
3380.52365030186 2932.83615686741
3391.65723979847 2943.67675716645
4871.25268603168 2945.43469235024
4989.62032173044 2912.91289145271
5019.79820904965 2926.97637292195
5027.12293898133 2940.1608867993
5018.33326306323 2967.9948605402
4950.94574769008 3017.80302407675
4951.53172608481 3049.44585738239
5042.35837723983 3587.08103437995
5050.56207476318 3589.71793715542
5066.67648061337 3596.45668869277
5065.21153462695 3600.26554825729
5026.24397138964 3796.56831043087
5063.74658864053 4259.49124212361
5086.3067568307 4604.92550570948
5046.16723680435 5346.1881748125
5046.16723680435 5346.1881748125
5032.1037553349 5698.06820073857
4944.20699615272 6862.70025990228
4916.66601160898 7082.14916866036
4916.66601160898 7097.09161772149
4904.06747612636 7301.30508822127
4897.32872458901 7464.79306030016
4907.58334649352 7477.97757417751
4917.25199000371 7483.54436892561
5192.07585704643 7524.85584574123
5192.66183544117 7540.09128399952
5191.78286784948 7542.43519757783
5188.85297587664 7537.74737042141
5179.47732156382 7518.11709420408
5095.0964327488 7508.74143989125
5098.90529231332 7506.39752631315
5150.17840183629 7514.60122383672
5152.22932621744 7517.23812661218
5152.22932621744 7517.23812661218
5149.2994342446 7519.5820401905
5145.19758548272 7514.30823463956
4886.48812428976 7486.47426089844
4880.04236194977 7483.54436892561
4887.0741026845 7461.57017913017
5032.1037553349 6625.37901011045
4911.39220605804 6074.26633003818
5026.53696058701 5363.76752664889
5073.12224295336 4829.06224162417
5083.37686485787 4668.79715071527
5083.66985405524 4667.91818312338
5050.56207476318 4471.02944255548
5045.28826921224 4468.97851817453
4997.23804085948 4470.44346416095
4997.23804085948 4470.44346416095
4926.9206335139 4470.15047496359
4928.38557949991 4465.75563700454
4935.41732023463 4463.7047126236
4994.01515968927 4467.51357218812
5050.56207476318 4465.75563700454
5051.14805315792 4460.18884225623
5042.35837723983 4378.15186701952
5038.25652847794 4376.68692103311
5020.67717664133 4374.343007455
5018.33326306323 4375.80795344142
5019.79820904965 4374.92898584953
5022.72810102249 4373.75702906048
5037.37756088584 4375.2219750469
5040.89343125341 4367.89724511501
5044.70229081793 4317.21011398657
5070.19235098052 4027.15080868535
5071.07131857262 4026.27184109366
5073.41523215072 4022.7559707263
5074.00121054504 4005.17661888991
5037.37756088584 3822.93733818557
5016.86831707681 3783.09080735637
5019.21223065492 3752.32694164242
5021.84913343039 3742.07231973791
5032.982722927 3622.23973805294
5047.63218279076 3604.66038621655
5047.63218279076 3604.66038621655
5128.20421204085 3416.26833236938
5126.73926605443 3415.38936477748
5192.07585704643 3265.3788957733
5168.63672126457 3263.03498219499
5193.2478138359 3078.45178791255
5187.38802989023 3077.2798311235
5109.15991421824 3083.13961506896
5107.10898983709 3087.24146383085
5107.10898983709 3100.71896690536
5107.69496823183 3106.57875085082
5107.69496823183 3112.14554559913
5109.15991421824 3123.86511349006
5112.6757845854 3157.55887117642
5109.15991421824 3155.50794679548
5105.64404385067 3112.43853479629
5102.71415187825 2981.76535281207
5096.85436793258 2979.1284500366
5076.93110251788 2976.7845364585
5054.95691272244 2965.94393615926
4942.7420501663 2958.32621703022
4942.7420501663 2958.32621703022
4935.41732023463 2957.15426024116
4932.48742826179 2957.15426024116
4928.38557949991 2945.14170315287
4905.53242211278 2623.14657534886
4904.94644371805 2582.12808773061
4904.94644371805 2580.66314174419
4904.94644371805 2580.66314174419
4904.6534545211 2473.42909554183
4902.60253013995 2382.01646599251
4900.55160575921 2379.96554161156
4899.08665977279 2210.03180719268
4899.08665977279 2168.13435198253
4890.29698385428 2006.11132589005
4884.14421071166 1998.78659595817
4841.6607771072 1963.04191389086
4830.82017680795 1962.16294629897
4001.66074852275 1940.48174570069
3991.99210501256 1947.5134864352
3990.52715902614 1956.59615155066
4031.5456466446 1956.3031623535
4126.76713575887 1630.49917498497
4082.23277777326 1239.94457501875
4069.04826389591 1149.41091306111
4069.63424229023 1147.65297787753
4069.63424229023 1131.53857202735
4069.63424229023 1131.53857202735
4068.16929630381 1128.0227016602
4068.16929630381 1128.0227016602
4068.16929630381 1128.0227016602
4063.77445834497 1126.55775567378
4063.18847995023 1091.98503039552
4063.18847995023 969.808535132239
4064.06744754192 956.038042860367
4066.99733951476 954.573096873948
4069.63424229023 951.64320490132
4072.56413426306 949.885269717535
4065.23940433097 941.388582996601
4076.95897222232 932.598907078509
4063.18847995023 926.739123133044
4065.53239352834 898.905149391932
4061.1375555695 874.001067623656
4058.20766359666 872.243132440079
3943.06290906811 860.52356454915
3857.51006346404 863.746445719145
3857.51006346404 861.98851053536
3849.30636594026 860.52356454915
3847.84141995384 823.313936495211
3849.892344335 797.82387633241
3844.32554958669 795.479962754307
3603.78141862466 715.786901095699
3589.42494795826 711.392063136653
3540.78874121076 700.844452034775
3532.29205449003 696.449614075729
3527.01824893909 693.519722102892
3449.37611166143 670.373575518193
3447.03219808333 670.080586321035
3431.21078143051 665.685748361988
3373.19892037018 633.45693666183
4383.42567257067 616.756552417121
4383.42567257067 616.756552417121
3373.78489876492 521.535063303063
3374.6638663566 469.382986188408
3381.40261789396 355.117199251539
3377.0077799347 154.71258831628
3377.0077799347 148.852804370815
3387.26240183921 48.9434881003443
3389.31332622036 20.5235359647063
3390.19229381205 8.21798967925175
3420.956159526 -67.9592016119944
3388.43435862826 -88.7614346183829
3382.57457468301 -92.2773049857448
3324.85570282005 -101.066980903837
3326.32064880647 -113.3725271895
3114.48945917723 -108.977689230246
3106.57875085082 -108.977689230246
3071.42004717803 -104.875840468358
3072.29901476972 -98.1370889312093
2901.48631275936 -99.6020349176274
2900.02136677294 -101.652959298363
2902.36528035104 -117.181386754021
2903.53723714009 -120.990246318542
2900.90033436462 -140.620522535879
2900.90033436462 -141.206500930404
2900.60734516725 -149.996176848705
2893.57560443295 -223.243476167115
2783.41166625797 -221.192551786171
2781.36074187681 -219.141627405227
2763.78139004063 -223.536465364482
2759.97253047611 -226.173368139951
2758.80057368664 -229.103260112579
2760.26551967306 -306.745397390244
2754.99171412212 -309.089310968346
2727.15774038142 -312.898170532867
2727.15774038142 -312.898170532867
2628.4203809 -311.433224546657
2549.89927603066 -309.089310968346
2544.91845967667 -306.745397390244
2365.3160817478 -306.159418995718
2363.26515736706 -307.624364981928
2362.38618977538 -323.152792437586
2362.97216816969 -329.01257638305
2364.43711415611 -342.783068654923
2363.85113576179 -363.878290858678
2363.26515736706 -384.680523865067
2363.26515736706 -384.680523865067
2365.90206014253 -409.584605633343
2369.12494131232 -434.488687401619
2367.65999532632 -649.83574739801
2363.26515736706 -701.108856920772
2361.80021138064 -719.860165546425
2357.99135181612 -717.809241165481
2240.79567290642 -714.879349192645
2239.91670531473 -711.949457220017
2243.13958648493 -672.395915587976
2242.84659728757 -671.516947996291
2239.33072692 -525.315338556422
2240.2096945121 -525.022349359263
2242.26061889283 -456.462877197059
2242.84659728757 -440.348471347083
2244.31154327399 -435.953633388037
2246.06947845736 -429.800860245206
2243.72556487925 -430.093849442573
2246.65545685209 -415.444389578807
2423.91392120286 -415.444389578807
2785.16960144133 -419.839227537854
2788.68547180891 -404.310800082404
2779.01682829871 -324.617738423796
2763.78139004063 -81.1437154893415
2764.36736843495 -29.8706059663714
2764.36736843495 -25.475768007325
2765.24633602705 -5.25951339525406
2766.12530361873 27.2622875020633
2754.99171412212 155.298566710805
2756.45666010854 156.763512697223
2754.11274653043 173.463896941724
2751.1828545576 184.597486438128
2751.47584375497 186.941400016438
2748.25296258476 184.011508043602
2752.0618221497 184.597486438128
2771.98508756399 190.457270383592
2943.3837679695 191.92221637001
3031.28052715168 188.406346002648
3034.21041912409 183.132540451709
3047.10194380449 59.4910992022219
3059.7004792871 -88.468445421016
3060.57944687879 -90.226380604801
3073.76396075614 -96.0861645502655
3109.50864282366 -95.207196958373
3110.09462121839 -96.0861645502655
3109.50864282366 -101.94594849573
3107.45771844292 -136.225684576832
3103.6488588784 -139.155576549461
3091.92929098705 -137.104652168517
3088.12043142253 -138.276608957776
3070.83406878372 -171.384388249619
3060.57944687879 -169.333463868675
3059.11450089237 -166.403571896047
3059.11450089237 -166.403571896047
3055.30564132785 -125.385084277588
3066.1462416271 -100.481002509312
3060.28645768184 0.6002705502104
3063.21634965426 2.06521653642038
3110.09462121839 1.47923814189475
3110.97358881007 3.53016252283854
3117.71234034743 46.8925637194005
3263.32797139257 54.8032720458087
3294.67781550083 54.8032720458087
3297.90069667062 54.8032720458087
3297.60770747367 54.2172936512831
3297.60770747367 54.8032720458087
3302.00254543251 72.3826238822021
3302.29553462987 74.7265374605128
3312.25716733702 142.993020425351
3312.25716733702 147.387858384397
3313.72211332344 171.412972560781
3312.55015653439 254.035926192017
3313.13613492912 265.755494082946
3314.0151025208 296.812348994053
3318.11695128269 317.028603605916
3323.39075683363 319.958495578752
3386.38343424753 314.977679224972
3390.19229381205 318.786538789701
3390.77827220678 324.353333537799
3387.26240183921 475.242770133873
3391.65723979847 476.707716120291
3464.61154991951 479.930597290286
3466.3694851033 480.516575684812
3470.76432306255 482.860489262914
3472.22926904897 484.032446052174
3466.95546349803 542.044307112293
3464.90453911688 548.490069452283
3422.12811631505 558.158712962476
3422.12811631505 558.158712962476
3411.87349441054 560.209637343212
3406.01371046487 566.069421288884
3387.84838023395 580.718881152441
3387.84838023395 580.718881152441
3386.38343424753 585.113719111488
3386.96941264226 601.228124961671
3392.2432181932 615.291606430702
3396.63805615204 616.756552417121
3398.68898053319 616.756552417121
3401.91186170298 614.705628036177
3408.35762404297 616.170574022595
3417.73327835579 613.826660444492
3423.00708390673 614.412638839018
3433.84768420598 613.826660444492
3473.40122583802 618.221498403539
3473.40122583802 618.221498403539
3473.40122583802 618.221498403539
3479.55399898064 610.31079007713
3480.72595576969 608.552854893554
3481.01894496706 601.228124961671
3470.76432306255 541.458328717767
3466.3694851033 539.70039353419
3441.46540333502 537.649469153246
3359.42842809852 541.165339520608
3356.20554692831 543.509253098711
3357.9634821121 547.025123466073
3362.06533087399 553.177896608696
3364.40924445209 555.814799384165
3366.46016883282 554.642842595114
3366.46016883282 554.642842595114
3367.33913642493 552.298929017011
3367.33913642493 552.298929017011
3371.14799598945 424.262649808269
3371.14799598945 419.574822651856
3376.71479073733 323.767355143273
3390.19229381205 3.53016252283854
3390.77827220678 -23.4248436263813
3413.63142959391 -48.9149037891829
3418.02626755316 -91.3983373938523
3418.02626755316 -94.6212185638473
3415.68235397506 -102.531926890256
3410.70153762107 -107.805732441194
3401.91186170298 -109.856656822138
3333.05940034382 -94.6212185638473
3056.18460891995 -94.3282293666886
2982.05834200944 -96.6721429447911
2983.52328799586 -116.595408359495
2984.40225558754 -132.416825012104
2985.57421237701 -129.486933039475
2985.57421237701 -129.486933039475
2983.52328799586 -123.627149094011
2983.52328799586 -123.627149094011
2982.93730960154 -119.525300332123
2982.93730960154 -97.2581213393168
2985.86720157396 -94.3282293666886
2991.72698551963 -91.6913265912192
3023.66280802263 -94.3282293666886
3105.69978325914 -94.3282293666886
3108.62967523197 -93.7422509719548
3110.09462121839 -94.6212185638473
3110.09462121839 -94.6212185638473
3110.09462121839 -94.6212185638473
3110.09462121839 -94.6212185638473
3114.7824483746 -93.1562725774292
3138.22158415645 -95.207196958373
3305.22542660271 -93.1562725774292
3344.77896823475 -96.0861645502655
3348.29483860191 -96.0861645502655
3350.63875218001 -96.0861645502655
3388.43435862826 -95.207196958373
3389.89930461468 -94.6212185638473
3393.12218578489 -98.7230673257349
3490.98057767421 -183.103956140548
3484.53481533421 -108.977689230246
3494.20345884441 -100.188013312153
3628.68550039293 -91.3983373938523
3631.02941397103 -90.226380604801
3643.62794945406 -85.8315426457547
3646.5578414269 -42.4691414491928
3641.28403587596 -40.418217068249
3640.69805748123 -32.8004979389995
3640.40506828386 44.548650141298
3650.65969018879 58.6121316103294
3656.51947413404 72.3826238822021
3677.32170714043 118.6749170516
3738.84943856791 291.538543443114
3738.55644937096 293.003489429532
3751.15498485358 437.15417448825
3751.74096324789 439.49808806656
3751.15498485358 445.94385040655
3746.76014689432 448.287763984653
3736.50552498981 448.287763984653
3700.76084292229 446.236839603709
3701.34682131702 446.236839603709
3699.29589693587 446.236839603709
3726.83688147962 446.236839603709
3737.97047097623 445.357872012025
3752.61993083999 440.377055658245
3754.9638444181 443.892926025607
3756.42879040452 542.923274704185
3755.54982281283 549.369037044175
3752.03395244526 552.884907411537
3740.02139535697 554.642842595114
3706.62062686796 554.349853397747
3701.93279971134 552.884907411537
3700.46785372534 553.177896608696
3689.6272534261 553.177896608696
3680.837577508 552.298929017011
3676.44273954875 553.177896608696
3653.58958216121 554.349853397747
3657.39844172573 548.78305864965
3639.23311149481 552.884907411537
3603.78141862466 555.814799384165
3591.47587233941 556.107788581532
3558.36809304736 554.642842595114
3558.36809304736 554.642842595114
3556.31716866621 553.763875003221
3556.31716866621 553.763875003221
3548.99243873453 553.177896608696
3537.85884923834 552.884907411537
3526.43227054436 552.298929017011
3502.70014556513 554.642842595114
3456.11486319879 553.177896608696
3456.7008415931 550.833983030593
2741.80720024477 187.527378410964
2772.57106595872 70.3316995012583
2761.73046565948 -20.4949516535449
2761.43747646211 -45.3990334218209
2757.04263850327 -51.2588173672854
2759.97253047611 -62.3924068636887
2759.97253047611 -69.4241475984126
2759.97253047611 -112.786548794766
2759.38655208137 -148.824220059446
2759.97253047611 -195.70249162337
2759.38655208137 -196.874448412421
2759.38655208137 -214.453800248814
2758.50758448969 -217.383692221651
2757.92160609496 -231.447173690682
2756.45666010854 -235.256033255411
2758.80057368664 -303.229527022882
2753.5267681357 -306.745397390244
2716.9031184765 -310.554256954764
2682.62338239539 -311.433224546657
2675.00566326635 -309.089310968346
2628.12739170264 -301.178602641938
2626.66244571622 -299.420667458361
2621.09565096791 -298.24871066931
2585.05797970344 -300.299635050254
2558.68895194875 -304.108494614774
2557.22400596233 -305.573440600984
2554.88009238423 -304.6944730093
2550.48525442497 -304.6944730093
2530.26899981332 -308.210343376454
2521.18633469786 -308.503332573821
2081.70253878698 -279.204412846498
2080.23759280056 -279.790391241024
2093.71509587486 -274.809574887244
2226.14621304265 -305.280451403826
2308.7691666743 -308.210343376454
2561.03286552685 -314.363116519285
2569.52955224799 -318.757954478331
2716.31714008218 -319.343932872857
2739.46328666667 -314.070127322126
2761.73046565948 -307.624364981928
2764.66035763231 -309.675289362872
2761.73046565948 -238.771903622565
2763.78139004063 -94.3282293666886
2762.90242244853 -85.5385534483878
2764.66035763231 -77.041866727454
2764.36736843495 -71.7680611765151
2764.66035763231 -69.4241475984126
2764.66035763231 -37.4883250954127
2765.24633602705 -6.72445938167222
2764.36736843495 26.9692983046964
2754.99171412212 150.903728751759
2755.87068171422 153.833620724387
2754.4057357278 177.858734900771
2755.57769251685 180.788626873607
2754.11274653043 182.546562057184
2755.57769251685 193.973140750954
2856.95195477374 192.801183961903
2948.95056271739 189.871291989066
2954.81034666306 188.11335680549
2959.49817381927 188.406346002648
2965.06496856757 188.406346002648
2972.38969849966 188.992324397174
2979.1284500366 190.457270383592
3018.68199166865 189.871291989066
3148.18321686401 192.801183961903
3149.94115204738 192.801183961903
3197.99138040056 198.660967907367
3197.99138040056 198.660967907367
3197.99138040056 308.531916884982
3197.99138040056 313.512733238762
3201.21426157035 315.563657619498
3315.48004850722 314.977679224972
3343.02103305097 313.512733238762
3350.34576298264 312.047787252344
3355.03359013926 311.168819660451
3622.23973805294 314.391700830446
3629.56446798503 335.486923034202
3635.42425193029 335.486923034202
3845.79049557311 320.251484775911
3845.79049557311 317.321592803283
4046.19510650837 327.283225510635
4047.07407410005 327.576214707794
4047.07407410005 327.576214707794
4320.1400059594 337.830836612513
4479.81911847357 344.276598952503
4529.92027120749 342.811652966084
4655.61263683792 345.155566544187
4836.67996075321 344.862577347028
5149.2994342446 346.327523333446
5166.29280768647 348.085458517023
5169.22269965931 348.671436911549
5362.59556985984 351.015350489651
5556.84740765248 336.95186902062
5563.29316999247 340.760728585141
5611.63638754302 346.327523333446
5629.80171777394 351.015350489651
5707.4438550516 377.091389047187
5722.38630411232 377.091389047187
5950.91787798606 354.531220857013
5955.31271594531 354.531220857013
5957.94961872078 354.531220857013
5959.70755390415 358.340080421534
5958.82858631247 437.447163685617
5957.94961872078 448.873742379179
5967.03228383624 475.53575933124
5963.80940266604 478.172662106709
5946.23005082944 490.185219194797
5928.94368819062 499.560873507623
5928.94368819062 497.216959929521
5932.45955855777 495.166035548577
5945.64407243512 488.42728401122
5958.24260791773 478.172662106709
5968.20424062529 476.707716120291
5978.4588625298 488.720273208379
5978.4588625298 488.720273208379
5978.4588625298 488.720273208379
5978.4588625298 488.720273208379
5978.4588625298 488.720273208379
5978.4588625298 488.720273208379
5978.4588625298 488.720273208379
5978.4588625298 488.720273208379
5985.19761406716 564.01849690794
5978.75185172717 567.534367275094
5978.75185172717 568.999313261512
5975.82195975433 569.878280853405
5972.8920677815 571.343226839615
5956.48467273436 570.46425924793
5929.52966658493 572.222194431507
5916.34515270759 572.808172826033
5913.41526073517 572.808172826033
5912.82928234043 573.394151220559
5906.96949839476 570.757248445089
5895.24993050383 567.827356472461
5884.99530859932 566.362410486043
5876.79161107555 568.999313261512
5865.65802157935 564.897464499625
5830.49931790656 570.757248445089
5828.44839352541 572.808172826033
5798.56349540356 572.222194431507
5798.56349540356 572.222194431507
5780.98414356696 569.878280853405
5780.98414356696 569.878280853405
5780.98414356696 572.808172826033
5765.45571611151 547.318112663231
5758.13098617984 552.298929017011
5736.1567963844 551.712950622278
5736.1567963844 554.642842595114
5712.13168220781 562.553550921522
5700.11912511951 564.01849690794
5689.27852482027 567.534367275094
5683.41874087501 572.808172826033
5677.55895692934 576.324043193395
5671.69917298408 577.788989179813
5654.70579954221 576.324043193395
5649.13900479391 571.929205234349
5647.38106961012 564.01849690794
5653.2408535558 556.693766976058
5653.53384275316 534.71957718041
5653.2408535558 520.070117316853
5662.90949706557 450.338688365597
5662.90949706557 447.701785590127
5662.90949706557 447.701785590127
5662.32351867126 423.969660610903
5660.85857268484 416.937919876387
5670.82020539198 286.557727089542
5672.2851513784 171.998950955306
5664.96042144673 170.826994166255
5621.01204185543 170.534004969096
5619.84008506638 169.948026574362
5619.84008506638 169.948026574362
5615.15225791017 169.069058982678
5615.15225791017 169.069058982678
5612.22236593734 164.088242628898
5610.75741995092 113.401111500662
5605.77660359735 104.611435582361
5603.72567921661 87.9110513378599
5600.50279804641 87.0320837459674
5569.15295393814 87.0320837459674
5319.52615786065 82.0512673923954
5238.95412861056 81.4652889976616
5234.26630145394 80.0003430114516
4998.40999764853 78.5353970250335
4994.30814888664 76.7774618414566
4992.55021370327 71.7966454876765
4996.35907326779 -74.1119747546176
4999.28896524021 -82.9016506729184
4998.7029868459 -89.3474130129085
4932.48742826179 -91.3983373938523
4867.44382646716 -95.207196958373
4865.39290208601 -101.652959298363
4868.90877245358 -176.658193800558
4866.56485887547 -183.103956140548
4860.7050749298 -186.033848113384
4826.4253388487 -188.377761691487
4825.54637125701 -191.893632058849
4828.47626322985 -192.772599650533
4829.35523082153 -192.479610453375
4829.35523082153 -192.479610453375
4829.35523082153 -192.479610453375
4832.28512279437 -188.377761691487
4836.67996075321 -187.498794099803
4865.97888048074 -188.377761691487
4868.90877245358 -192.479610453375
4873.30361041241 -249.026525527284
4870.95969683431 -400.794929715042
4872.42464282073 -402.25987570146
4878.2844267664 -404.310800082404
4998.40999764853 -400.794929715042
4999.87494363495 -401.380908109568
5121.75844970086 -397.865037742414
5135.52894197294 -398.45101613694
5207.31129530493 -397.572048545047
5459.28200496053 -396.107102558629
5461.62591853863 -450.603093251594
5461.62591853863 -459.978747564421
5462.21189693295 -476.972121006288
5463.09086452505 -484.003861740804
5460.16097255221 -485.468807727222
5402.14911149188 -488.691688897217
5397.75427353305 -485.761796924589
5396.87530594094 -480.48799137365
5396.87530594094 -424.820043891634
5395.70334915189 -419.839227537854
5393.35943557379 -403.724821687878
5393.35943557379 -401.380908109568
5393.94541396853 -396.400091755996
5395.70334915189 -394.056178177893
5397.16829513831 -393.177210586001
5402.14911149188 -393.177210586001
5464.55581051147 -392.591232191475
5466.02075649788 -399.036994531465
5468.9506484703 -465.252553115359
5471.00157285146 -484.003861740804
5476.86135679671 -486.93375371364
5485.65103271522 -488.398699700059
5717.99146615306 -485.761796924589
5724.43722849347 -489.863645686268
5731.76195842514 -509.200932706447
5730.88299083346 -592.702853929576
5727.95309886062 -596.804702691255
5720.9213581259 -600.027583861458
5678.43792452144 -602.957475834086
5734.10587200325 -608.817259779551
5735.57081798966 -615.849000514067
5739.96565594892 -620.243838473321
5807.93914971639 -657.160477329685
5810.86904168923 -685.580429465323
5814.67790125375 -691.440213410787
5816.72882563448 -694.956083778149
5816.72882563448 -697.885975750777
5642.40025325655 -704.038748893609
5642.40025325655 -704.038748893609
5640.93530727013 -703.745759696242
5640.93530727013 -703.745759696242
5638.8843828894 -704.038748893609
5582.33746781549 -707.554619260971
5583.21643540717 -709.605543641706
5589.66219774716 -709.019565247181
5711.25271461612 -702.57380290719
5821.12366359374 -702.280813710032
5830.79230710351 -793.400454062202
5820.24469600205 -805.706000347657
5824.93252315826 -818.890514225004
5833.42920987898 -820.355460211422
6305.43480668759 -829.73111452404
6310.41562304117 -830.024103721407
6313.93149340832 -829.145136129514
6316.27540698642 -804.827032755764
6315.6894285921 -802.190129980295
6316.86138538115 -791.056540483891
6316.86138538115 -725.133971097364
6317.74035297284 -719.860165546425
6313.345515014 -711.363478825491
6308.36469866001 -710.484511233599
6242.14914007633 -708.140597655496
6240.68419408991 -706.968640866237
6238.63326970917 -709.019565247181
6239.21924810349 -711.363478825491
6245.95799964085 -711.949457220017
6316.86138538115 -706.089673274553
6316.86138538115 -663.020261275149
6312.4665474219 -661.555315288939
6153.0804241051 -659.211401710629
6147.22064015943 -652.765639370638
6130.22726671756 -652.765639370638
6111.18296889496 -652.47265017348
6083.93497354858 -652.47265017348
6081.88404916743 -651.007704187062
6078.95415719459 -606.473346201448
6079.83312478669 -602.664486636928
6078.07518960291 -601.19954065051
6074.55931923575 -601.19954065051
5993.40131159093 -610.868184160495
5991.93636560452 -614.677043725015
6006.58582546787 -759.706696375625
6007.1718038626 -765.273491123931
6010.68767422975 -780.801918579381
6010.68767422975 -780.801918579381
6010.68767422975 -780.801918579381
6007.1718038626 -784.317788946742
5974.35701376791 -701.108856920772
5925.1348286261 -665.950153247986
5761.06087815268 -624.052698037842
5750.22027785343 -611.45416255502
5743.48152631607 -580.104318446754
5713.30363899686 -263.090006996315
5715.06157418064 -257.816201445376
5686.34863284785 289.48761906217
5688.39955722858 292.12452183764
5724.43722849347 291.538543443114
5744.94647230249 287.729683878594
5749.34131026175 293.882457021425
5749.34131026175 332.557031061574
5749.34131026175 332.557031061574
5746.99739668323 336.365890626094
5749.34131026175 347.206490925131
5764.57674851983 351.015350489651
5957.94961872078 346.327523333446
5956.48467273436 251.985001811073
5956.48467273436 251.985001811073
5957.36364032605 241.144401512037
5956.77766193131 208.622600614719
5955.89869433963 208.036622219985
5955.89869433963 205.98569783925
5956.48467273436 204.227762655465
5953.55478076153 202.762816669047
5866.53698917104 207.157654628301
5864.19307559293 210.087546600929
5859.79823763368 274.545170001247
5853.93845368842 277.768051171242
5848.37165894012 279.818975552185
5843.09785338918 278.940007960293
5802.95833336282 273.373213212195
5752.8571806289 271.908267225777
5746.41141828891 272.494245620303
5746.41141828891 272.494245620303
5746.41141828891 272.494245620303
5746.41141828891 272.494245620303
5746.41141828891 272.494245620303
5757.54500778511 251.106034219389
5778.64022998886 154.71258831628
5784.50001393453 153.247642329862
5861.55617281746 153.247642329862
5864.19307559293 153.247642329862
5868.58791355219 150.903728751759
5870.93182713029 104.904424779728
5870.34584873556 75.3125158550384
5878.8425354567 71.7966454876765
6012.44560941354 46.3065853248748
6126.41840715304 37.2239202094153
6196.1498361043 16.12869800566
6216.073101519 3.82315172020545
6253.86870796726 -14.6351677080805
6369.89243008791 -46.8639794082391
6371.06438687696 -52.1377849591779
6365.49759212866 -79.6787695029234
6356.70791621056 -85.8315426457547
6355.82894861846 -91.6913265912192
6355.82894861846 -113.665516386659
6354.94998102678 -111.907581203082
6354.94998102678 -114.83747317571
6355.24297022415 -120.111278726649
6360.22378657772 -183.982923732441
6379.26808440032 -198.339394398839
6380.14705199242 -201.562275568834
6435.52201027686 -204.49216754167
6433.47108589613 -213.867821854289
6432.59211830444 -215.918746235232
6438.74489144707 -223.243476167115
6441.38179422254 -224.122443759007
6441.6747834199 -218.262659813543
6441.6747834199 -216.211735432599
6433.47108589613 -215.332767840707
6431.12717231803 -206.543091922406
6429.66222633161 -204.49216754167
6400.36330660407 -223.243476167115
6364.03264614224 -212.402875868079
6362.27471095845 -206.543091922406
6364.03264614224 -193.944556439793
6363.73965694487 -220.313584194279
6363.73965694487 -220.313584194279
6369.89243008791 -136.811662971358
6372.82232206033 -128.314976250424
6371.35737607391 -110.442635216664
6371.94335446865 -120.111278726649
6365.20460293129 -85.5385534483878
6366.96253811507 -62.09941766653
6370.47840848223 -60.0484932855862
6380.73303038674 -61.5134392720044
6453.39435131083 -79.0927911083977
6598.42400396123 -113.665516386659
6696.28239585097 -147.945252467761
6768.06474918296 -161.715744739634
6772.45958714221 -162.008733936793
6934.48261323448 -174.900258616981
7122.5816778845 -181.053031759604
7129.90640781617 -180.760042562446
7250.03197869871 -177.244172195084
7794.40590723363 -166.403571896047
7809.93433468908 -166.11058269868
7814.91515104265 -166.11058269868
7944.4163762376 -159.078841964165
8081.53532056202 -148.824220059446
8109.95527269744 -147.066284875869
8115.22907824838 -145.894328086818
8125.48370015289 -145.601338889451
8130.75750570383 -143.550414508715
8145.11397637023 -141.499490127771
8150.38778192117 -139.741554943986
8155.36859827474 -130.951879025894
8154.78261988043 -128.90095464495
8153.31767389401 -126.850030264006
8148.92283593475 -130.365900631368
8148.33685754043 -135.639706182307
8143.64903038381 -140.620522535879
7984.26290706701 -152.926068821333
7969.61344720325 -153.2190580187
7969.61344720325 -153.2190580187
7968.14850121683 -153.805036413226
7968.14850121683 -153.805036413226
7940.31452747572 -152.340090426808
7702.1143100922 -159.078841964165
7697.71947213295 -159.078841964165
7565.28835496516 -164.059658317737
7565.28835496516 -164.059658317737
7565.28835496516 -164.059658317737
7565.28835496516 -164.059658317737
7565.28835496516 -164.059658317737
7565.28835496516 -164.059658317737
7565.28835496516 -164.059658317737
7565.28835496516 -164.059658317737
7565.28835496516 -164.059658317737
7565.28835496516 -164.059658317737
7345.54645700993 -176.658193800558
7336.46379189447 -182.224988548864
7327.08813758164 -181.63901015413
7319.76340764955 -180.17406416792
7085.95802822529 -171.970366644145
6977.84501443104 -168.454496276991
6977.55202523368 -170.505420657727
6753.70827851656 -150.289166045864
6719.72153163283 -141.499490127771
6717.67060725168 -136.811662971358
6716.79163965999 47.771531311293
6709.46690972831 50.4084340867624
6636.21961040949 54.2172936512831
6631.82477245065 54.8032720458087
6496.46376331003 53.6313152567575
6492.94789294287 56.5612072293856
6497.34273090171 331.678063469681
6497.34273090171 372.696551087932
6497.92870929644 432.173358134678
6494.11984973192 568.999313261512
6491.18995775909 571.343226839615
6485.62316301078 572.222194431507
6479.76337906553 571.343226839615
6477.41946548742 567.534367275094
6476.83348709269 464.988148229362
6475.954519501 397.600632856208
6475.954519501 391.740848910744
6471.55968154175 358.047091224375
6388.93672791051 358.340080421534
6165.97194878508 356.582145237957
6160.11216483941 359.512037210585
6156.59629447225 361.855950788896
6154.54537009152 367.129756339835
6154.54537009152 567.534367275094
6154.25238089415 569.292302458879
6151.61547811868 573.687140417926
6146.92765096206 576.324043193395
6139.01694263607 577.203010785287
6002.77696590334 574.859097206977
6002.77696590334 574.859097206977
5939.19831009513 573.687140417926
5886.16726538837 573.394151220559
5883.5303626129 572.808172826033
5840.16796141634 572.808172826033
5692.2084167931 570.757248445089
5667.30433502483 579.253935166023
5652.65487516106 577.788989179813
5652.65487516106 577.788989179813
5649.13900479391 576.617032390554
5649.13900479391 576.617032390554
5638.59139369203 573.687140417926
5613.10133352902 574.859097206977
5611.63638754302 577.203010785287
5616.03122550186 599.177200580727
5616.91019309396 604.158016934299
5617.49617148828 620.565411981641
5620.42606346111 629.941066294468
5636.5404693113 671.545532307453
5654.11982114748 672.424499899137
5656.46373472558 670.959553912927
5656.46373472558 667.150694348198
5655.5847671339 659.23998602179
5653.53384275316 653.966180471059
5670.82020539198 234.991628369205
5664.37444305199 233.526682382995
5618.96111747469 231.475758002051
5615.15225791017 227.080920042797
5612.5153551347 220.635157702807
5612.22236593734 219.756190111123
5611.05040914829 172.877918547199
5608.12051717545 171.412972560781
5567.10202955741 170.534004969096
5560.36327802005 169.362048179837
5550.69463450985 169.362048179837
5548.64371012912 172.877918547199
5547.1787641427 175.221832125301
5544.24887216986 175.807810520035
5442.28863151866 174.342864533617
5441.11667472961 210.087546600929
5437.30781516467 221.807114491858
5433.79194479752 227.95988763469
5432.03400961373 333.435998653258
5433.49895560015 342.811652966084
5431.44803121941 349.257415306075
5426.46721486584 352.48029647607
5420.60743092017 353.652253265121
4853.38034499813 345.155566544187
4591.15501343802 347.206490925131
4460.77482065097 349.257415306075
4383.1326833733 344.276598952503
4376.10094263858 342.225674571559
4377.27289942805 339.881760993248
4383.42567257067 339.881760993248
4433.23383610722 343.39763136061
4485.09292402451 343.690620557977
4562.14908290786 340.467739387982
4565.66495327501 336.365890626094
4572.98968320668 205.692708641883
4574.4546291931 199.832924696418
4579.43544554667 197.196021920949
4604.33952731495 197.782000315475
4605.80447330137 200.711892288311
4603.75354892063 203.641784260939
4603.75354892063 203.641784260939
4601.40963534253 204.520751852832
4601.40963534253 204.520751852832
4601.40963534253 204.520751852832
4601.40963534253 204.520751852832
4601.40963534253 204.520751852832
4595.54985139686 201.590859879995
4595.54985139686 199.832924696418
4598.47974336969 197.782000315475
4658.83551800812 188.11335680549
4664.40231275643 63.0069695695839
4665.86725874285 53.3383260593906
4671.14106429379 50.7014232839211
4706.29976796657 52.1663692703393
4708.64368154468 52.1663692703393
4743.5093960201 52.1663692703393
4748.78320157104 48.3575097058186
4750.83412595219 39.5678337875178
4767.24152099932 -259.281147431794
4771.63635895858 -259.86712582632
4810.89691139325 -257.816201445376
4816.75669533892 -259.281147431794
4816.75669533892 -259.281147431794
4815.2917493525 -254.007341880855
4817.04968453587 -241.701795595401
4818.22164132492 -236.427990044462
4822.90946848155 -211.523908276186
4824.0814252706 -205.664124330722
4826.4253388487 -194.237545636951
4827.30430644038 -188.377761691487
4844.88365827699 -115.130462373077
4846.3486042634 -111.321602808556
4847.81355024982 -104.875840468358
4850.74344222266 -95.207196958373
4844.88365827699 -122.162203107593
4844.88365827699 -122.162203107593
4818.22164132492 -256.937233853692
4824.96039286228 -255.765277064432
4827.89028483512 -255.472287867274
4830.23419841322 -253.42136348633
4831.40615520227 -250.491471513494
4831.69914439964 -244.045709173503
4834.33604717511 -242.580763187293
4839.02387433173 -242.580763187293
4852.20838820908 -242.580763187293
4869.78774004526 -241.701795595401
4872.42464282073 -242.580763187293
4872.7176320181 -246.682611948973
4869.78774004526 -379.406718314128
4864.51393449432 -418.374281551436
4872.42464282073 -541.136755209239
4871.25268603168 -549.340452733014
4871.25268603168 -601.492529847668
4871.25268603168 -605.00840021503
4873.88958880715 -608.524270582392
4876.81948077998 -611.45416255502
4881.50730793619 -612.919108541439
5018.91924145755 -611.747151752387
5018.91924145755 -611.747151752387
5021.26315503607 -616.141989711434
5020.67717664133 -622.587752051424
5020.38418744397 -624.052698037842
5019.21223065492 -625.51764402426
5022.72810102249 -648.077812214225
5030.93179854585 -838.8137796395
5027.70891737606 -841.450682414969
4962.66531558101 -845.259541979698
4716.55438987108 -867.233731775137
4550.42951501693 -907.666240998863
4297.57983776923 -938.137117515445
4263.00711249118 -936.672171529027
4021.29102474009 -946.34081503922
3940.71899548959 -946.34081503922
3936.61714672812 -945.754836644486
3931.34334117718 -948.684728617323
3926.06953562624 -954.544512562787
3921.96768686435 -1120.08340902263
3915.81491372131 -1260.42523451682
3915.81491372131 -1260.42523451682
3911.71306495943 -1262.76914809493
3911.71306495943 -1262.76914809493
3904.97431342249 -1264.82007247587
3904.97431342249 -1264.82007247587
3628.68550039293 -1271.55882401323
3326.90662720078 -1285.62230548226
3325.44168121436 -1285.3293162851
3321.33983245289 -1287.08725146868
3319.58189726911 -1290.0171434413
3319.87488646648 -1294.41198140056
3327.19961639815 -1416.0024982691
3319.87488646648 -1416.58847666384
3319.87488646648 -1416.58847666384
3294.67781550083 -1415.70950907194
3294.0918371061 -1413.658584691
3239.30285721597 -1417.46744425552
3234.61503005977 -1413.658584691
3231.68513808693 -1400.47407081365
3230.22019210052 -1289.72415424415
3236.37296524314 -1288.25920825773
3283.83721520159 -1287.6732298632
3283.83721520159 -1287.6732298632
3311.6711889427 -1285.62230548226
3592.06185073373 -1275.07469438038
3592.35483993109 -1275.36768357775
3724.19997870415 -1269.50789963228
3730.05976264982 -1270.67985642133
3916.10790291868 -1264.82007247587
3919.62377328584 -1268.04295364586
3921.96768686435 -1329.27769587619
3919.03779489152 -1449.40326675831
3917.27985970773 -1453.21212632304
3916.69388131342 -1481.63207845847
3914.64295693226 -1483.97599203678
3914.64295693226 -1483.97599203678
3907.90420539491 -1485.4409380232
3907.90420539491 -1485.4409380232
3817.07755424031 -1490.71474357393
3656.81246333141 -1500.67637628128
3651.53865778047 -1500.09039788676
3635.42425193029 -1492.76566795487
3631.90838156313 -1489.24979758772
3630.15044637935 -1458.19294267661
3628.09952199861 -1437.68369886738
3630.15044637935 -1426.84309856835
3628.09952199861 -1406.33385475912
3620.18881367221 -1402.5249951946
3620.18881367221 -1372.05411867801
3621.65375965862 -1364.43639954897
3625.16963002578 -1336.01644741334
3627.51354360388 -1301.73671133244
3627.22055440651 -1297.34187337319
3624.29066243409 -1289.72415424415
3592.06185073373 -1285.62230548226
3599.38658066582 -1276.83262956417
3609.05522417559 -1275.07469438038
3623.70468403936 -1273.90273759133
3783.96977494826 -1269.21491043492
3842.56761440291 -1259.8392561223
3898.23556188513 -1263.64811568682
3913.17801094585 -1263.35512648945
3925.48355723151 -1255.44441816304
3927.82747080961 -1248.70566662569
3927.82747080961 -1143.52254480448
3931.34334117718 -1004.35267609934
3931.9293195715 -973.588810385599
3929.87839519076 -848.775412346852
3933.39426555792 -845.845520374223
3939.25404950359 -844.673563585172
3951.8525849862 -844.673563585172
3952.43856338052 -846.724487965908
3962.10720689071 -848.775412346852
3982.03047230542 -847.6034555578
3984.08139668615 -843.208617598754
3987.01128865899 -824.164319775942
3986.42531026467 -813.909697871224
3990.52715902614 -776.99305901486
4078.71690740569 -774.35615623939
4078.71690740569 -774.35615623939
4080.76783178684 -773.477188647498
4079.30288580042 -756.776804402997
4082.23277777326 -750.03805286564
4082.81875616757 -747.987128484696
4080.76783178684 -743.59229052565
4079.88886419474 -740.369409355655
4079.30288580042 -736.853538988293
4077.837939814 -733.337668620931
4078.42391820832 -736.853538988293
4079.30288580042 -741.834355341865
4080.76783178684 -743.299301328283
4082.23277777326 -746.229193301119
4081.35381018116 -749.159085273748
4077.837939814 -752.088977246584
4079.30288580042 -772.01224266108
4076.37299382758 -773.477188647498
4067.58331790949 -775.528113028442
4063.77445834497 -776.407080620334
4024.22091671293 -780.801918579381
4019.82607875367 -779.922950987488
3946.57877943526 -777.286048212019
3943.06290906811 -777.286048212019
3943.06290906811 -777.286048212019
3932.22230876887 -777.286048212019
3932.22230876887 -777.286048212019
3927.82747080961 -780.801918579381
3924.89757883678 -791.642518878417
3924.60458963982 -937.551139120919
3923.13964365341 -938.137117515445
3920.50274087794 -1250.46360180947
3916.10790291868 -1483.97599203678
3910.83409736774 -1486.31990561488
3666.77409603855 -1501.55534387317
3628.9784895903 -1505.3642034377
3625.7556084201 -1510.930998186
3630.44343557672 -1543.15980988616
3634.5452843386 -1544.91774506974
3660.9143120933 -1539.6439395188
3743.24427652717 -1527.04540403598
3748.22509288074 -1531.44024199502
3748.22509288074 -1531.44024199502
3763.75352033619 -1527.92437162787
3877.72631807569 -1515.61882534241
3908.78317298701 -1513.86089015863
3924.89757883678 -1509.75904139674
3926.36252482319 -1507.41512781864
3927.53448161224 -1489.24979758772
3927.53448161224 -1487.49186240394
3933.39426555792 -1264.82007247587
3936.32415753075 -1263.35512648945
4031.5456466446 -1258.9602885304
4085.74864814041 -1256.90936414946
4092.48739967777 -1256.03039655757
4148.74132555431 -1253.3934937821
4151.67121752714 -1253.10050458494
4151.08523913241 -1251.92854779589
4146.69040117316 -1224.09457405478
4141.70958481958 -1204.7572870346
4141.70958481958 -1204.17130864007
4141.70958481958 -1202.70636265386
4140.8306172279 -1200.65543827292
4140.8306172279 -1194.79565432745
4140.8306172279 -1188.93587038199
4140.24463883317 -1184.24804322558
4142.29556321432 -1131.50998771619
4145.81143358147 -1129.45906333524
4150.20627154073 -1129.45906333524
4175.40334250595 -1130.33803092714
4180.97013725426 -1132.38895530808
4193.56867273729 -1130.92400932166
4206.1672082199 -1127.11514975714
5296.08702207879 -1412.19363870458
5306.92762237803 -1418.93239024194
5418.8494957368 -1415.70950907194
5422.07237690659 -1420.39733622836
5423.53732289301 -1440.61359084022
5432.03400961373 -1442.3715260238
5312.78740632329 -1580.66242713705
5309.27153595614 -1522.0645876824
5312.78740632329 -1514.73985775052
5329.78077976516 -1494.23061394129
5338.57045568367 -1476.6512621049
5398.34025192736 -1476.06528371037
5654.99878873958 -1492.17968956035
5659.10063750105 -1493.3516463494
5669.35525940598 -1492.76566795487
5818.1937716209 -1503.60626825412
5831.96426389298 -1508.00110621317
5842.21888579749 -1495.69555992771
5839.58198302202 -1483.39001364226
5836.35910185182 -1395.20026526271
5839.28899382466 -1394.02830847366
5831.96426389298 -1333.96552303239
5793.87566824736 -1296.4629057815
5688.39955722858 -1196.8465787084
5684.88368686143 -1191.57277315746
5681.36781649386 -1174.87238891275
5677.55895692934 -1101.62508959434
5672.2851513784 -1092.83541367604
5665.83938903841 -1091.95644608415
5663.49547546031 -1092.83541367604
5599.91681965167 -1096.64427324056
5559.77729962532 -920.85075487621
5550.69463450985 -908.838197788123
5550.10865611512 -906.201295012653
5553.03854808796 -903.857381434342
5596.40094928452 -901.806457053399
5710.37374702402 -898.583575883404
5710.37374702402 -898.583575883404
5714.18260658854 -895.06770551625
5714.18260658854 -895.06770551625
5717.69847695611 -841.450682414969
5717.11249856138 -839.985736428759
5717.11249856138 -825.629265762361
5721.50733652063 -824.750298170468
5789.77381948547 -818.890514225004
5795.34061423378 -818.011546633111
5802.07936577072 -818.011546633111
5819.07273921259 -815.960622252167
5823.17458797447 -811.565784293121
5835.7731234575 -788.126648511263
5826.39746914468 -707.554619260971
5823.46757717184 -694.956083778149
5823.46757717184 -694.956083778149
5817.31480402922 -694.370105383624
5817.31480402922 -694.370105383624
5775.12435962171 -697.299997356252
5763.9907701251 -700.229889329088
5753.15016982627 -700.229889329088
5748.75533186701 -702.280813710032
5744.36049390776 -705.21070568266
5738.20772076513 -703.159781301716
5731.17598003041 -701.694835315506
5727.36712046589 -701.108856920772
5725.31619608515 -701.694835315506
5719.16342294253 -698.76494334267
5717.99146615306 -697.299997356252
5715.64755257496 -694.956083778149
5714.76858498328 -692.026191805313
5713.30363899686 -688.510321438159
5709.78776862971 -619.071881684062
5715.06157418064 -617.313946500485
5726.48815287421 -618.192914092377
5741.13761273797 -623.466719643316
5774.83137042434 -643.096995860653
5783.9140355398 -643.975963452546
5783.9140355398 -643.975963452546
5785.37898152622 -643.682974255179
5785.37898152622 -635.772265928771
5779.51919758096 -631.96340636425
5762.52582413909 -619.071881684062
5750.22027785343 -600.613562255984
5749.34131026175 -569.26371814751
5760.47489975794 -539.964798420187
5794.16865744431 -539.964798420187
5811.74800928091 -539.671809223029
5810.28306329449 -535.569960461141
5804.42327934924 -534.690992869249
5754.61511581268 -530.882133304728
5739.08668835682 -482.538915754594
5738.20772076513 -477.558099400814
5737.62174237082 -472.284293849875
5736.1567963844 -468.182445088196
5734.10587200325 -464.373585523467
5733.81288280588 -462.908639537257
5732.34793681988 -457.048855591792
5732.34793681988 -454.997931210849
5675.21504335124 437.447163685617
5678.43792452144 507.471581834031
5687.81357883385 525.050933670425
5688.69254642595 549.955015438701
5691.32944920142 552.298929017011
5701.8770603033 557.572734567742
5714.18260658854 558.158712962476
5716.2335309697 559.623658948686
5722.97228250705 564.604475302466
5810.28306329449 566.948388880569
5813.79893366165 568.413334866987
6470.97370314702 577.203010785287
6471.55968154175 578.081978376972
6471.55968154175 578.081978376972
6487.67408739193 583.648773125278
6492.6549037455 587.457632689798
6494.41283892929 592.731438240737
6499.39365528286 651.32927769559
6501.4445796636 652.7942236818
6621.86313974309 654.259169668218
6624.50004251856 657.189061641054
6632.70374004234 671.545532307453
6631.82477245065 669.494607926509
6621.86313974309 652.501234484641
6620.39819375709 652.501234484641
6498.80767688813 654.845148062744
6492.06892535077 744.206853231337
6492.06892535077 744.206853231337
6490.60397936435 744.206853231337
6490.60397936435 744.206853231337
6482.69327103836 741.276961258501
6482.69327103836 741.276961258501
6480.93533585458 736.296144904929
6475.36854110627 652.7942236818
6469.21576796365 650.450310103697
6425.26738837235 651.036288498223
6307.48573106833 651.036288498223
6304.55583909549 650.450310103697
6301.62594712307 646.641450539177
6303.96986070118 615.877584825436
6303.67687150381 612.361714458074
6298.1100767555 610.31079007713
6253.86870796726 611.775736063549
6253.28272957252 612.361714458074
6246.54397803558 612.361714458074
6218.12402589974 612.361714458074
6214.60815553258 608.552854893554
6210.79929596806 578.667956771498
6207.86940399523 577.788989179813
6154.25238089415 573.687140417926
6151.61547811868 568.413334866987
6154.25238089415 447.40879639276
6150.15053213227 373.575518679825
6148.39259694848 367.71573473436
6147.80661855416 355.996166843432
6143.99775898964 355.410188448906
5965.27434865246 353.652253265121
5959.41456470678 353.652253265121
5955.89869433963 350.136382897967
5955.89869433963 337.830836612513
5957.36364032605 159.107426275326
5947.10901842154 153.247642329862
5879.72150304838 155.884545105331
5872.98275151103 155.298566710805
5868.58791355219 152.954653132495
5867.41595676314 147.973836778923
5864.19307559293 78.2424078276666
5860.67720522578 76.7774618414566
5855.69638887221 76.7774618414566
5746.41141828891 82.6372457869211
5744.36049390776 82.9302349840798
5711.25271461612 84.3951809704979
5688.69254642595 90.840943310488
5671.11319458935 89.9619757185955
5649.72498318864 84.9811593650236
5615.44524710754 87.0320837459674
5613.98030112112 92.8918676914318
5613.98030112112 141.528074438933
5608.12051717545 154.419599118913
5613.98030112112 167.897102193627
5609.58546316187 169.948026574362
5596.10796008715 169.948026574362
5596.10796008715 169.948026574362
5596.10796008715 169.948026574362
5566.80904036004 166.432156207209
5565.63708357099 166.432156207209
5552.45256969364 170.826994166255
5544.24887216986 178.151724098138
5525.79055274158 190.457270383592
5448.44140466128 172.291940152673
5446.09749108318 176.686778111719
5443.16759911034 219.756190111123
5455.47314539601 222.686082083751
5468.9506484703 223.272060478276
5614.56627951544 224.151028070169
5616.03122550186 221.221136097333
5615.44524710754 204.227762655465
5616.61720389659 202.762816669047
5618.08214988301 204.227762655465
5603.43269001924 342.225674571559
5605.19062520261 349.257415306075
5630.09470697089 350.136382897967
5647.38106961012 350.136382897967
5660.85857268484 341.932685374192
5666.42536743314 340.467739387982
5681.95379488859 340.467739387982
5687.81357883385 342.225674571559
5695.13830876594 348.671436911549
5696.60325475236 355.410188448906
5691.62243839879 360.976983197003
5684.88368686143 364.785842761524
5676.09401094292 366.250788747942
5664.96042144673 365.664810353417
5660.85857268484 364.199864366998
5655.5847671339 360.391004802478
5648.26003720222 355.996166843432
5440.82368553224 353.652253265121
5212.58510085587 352.187307278911
5208.19026289661 352.187307278911
5193.54080303285 350.722361292493
5193.54080303285 350.722361292493
5190.31792186306 350.136382897967
5186.21607310118 349.257415306075
5187.38802989023 347.792469319656
5281.43756221502 348.671436911549
5282.02354060976 349.257415306075
5513.48500645592 350.722361292493
5515.53593083707 348.671436911549
5514.94995244234 303.844089728569
5514.94995244234 301.207186953099
5516.41489842875 288.022673075752
5516.41489842875 288.022673075752
5515.82892003444 260.774677729374
5515.53593083707 254.328915389384
5517.00087682349 251.985001811073
5519.34479040159 251.985001811073
5521.68870397969 253.449947797491
5523.15364996611 257.844785756537
5521.39571478233 267.220440069364
5515.82892003444 315.856646816865
5514.94995244234 348.085458517023
5614.56627951544 352.187307278911
5614.56627951544 352.187307278911
5621.89100944753 353.652253265121
5626.8718258011 355.996166843432
5645.91612362371 352.48029647607
5664.37444305199 341.932685374192
5682.83276248028 342.225674571559
5682.83276248028 342.225674571559
5687.22760043953 344.862577347028
5687.22760043953 344.862577347028
5693.67336277952 352.187307278911
5694.25934117425 356.582145237957
5690.74347080668 361.26997239437
5679.90287050786 367.129756339835
5672.2851513784 366.836767142468
5662.03052947389 364.785842761524
5657.928680712 364.199864366998
5649.13900479391 362.441929183422
5640.93530727013 363.90687516984
4978.19374303646 344.862577347028
4940.69112578557 343.690620557977
4940.69112578557 343.39763136061
4625.14176032176 346.620512530605
3756.42879040452 318.493549592334
3486.58573971537 316.44262521139
3486.58573971537 316.44262521139
3483.65584774253 316.44262521139
3479.55399898064 316.44262521139
3444.10230611049 305.602024912354
3395.17311016562 318.493549592334
3392.82919658752 325.818279524217
3390.77827220678 421.332757835433
3391.65723979847 424.262649808269
3388.43435862826 472.312878161036
3391.65723979847 474.070813344821
3434.14067340334 477.00070531745
3453.77094962068 475.53575933124
3460.50970115762 475.242770133873
3466.07649590593 477.586683711975
3467.83443108971 477.00070531745
3469.88535547045 475.242770133873
3473.69421503497 470.847932174826
3473.69421503497 470.847932174826
3486.58573971537 432.759336529203
3491.8595452663 430.70841214826
3622.23973805294 442.427980039189
3624.29066243409 439.49808806656
3633.95930594387 387.346010951698
3643.62794945406 385.295086570754
3644.21392784838 380.900248611708
3645.09289544048 331.97105266684
3649.48773339932 326.697247115901
3651.53865778047 313.512733238762
3655.34751734499 309.703873674033
3660.9143120933 307.652949293298
3719.80514074531 306.773981701405
3750.56900645884 311.461808857818
3750.56900645884 311.461808857818
3969.43193682239 323.767355143273
3995.80096457708 323.767355143273
3998.73085654992 320.837463170437
4000.19580253634 314.977679224972
4003.12569450917 195.438086737372
4008.39950006011 91.7199109023806
4008.10651086274 90.840943310488
4005.46960808727 86.4461053514417
4008.98547845443 29.8991902775327
4011.91537042726 27.2622875020633
4015.43124079442 26.3833199101708
4028.61575467177 24.9183739239608
4040.62831176006 26.3833199101708
4043.5582037329 27.2622875020633
4043.5582037329 27.2622875020633
4115.34055706489 27.2622875020633
4129.11104933697 29.8991902775327
4318.96804917035 24.3323955294352
4337.13337940127 23.4534279375426
4347.38800130578 20.5235359647063
4384.89061855709 17.0076655975525
4406.57181915516 18.1796223866038
4411.8456247061 22.5744603456501
4427.37405216155 38.6888661958335
4430.88992252912 38.6888661958335
4442.60949042005 41.032779773936
4627.19268470249 47.771531311293
4744.97434200652 51.2874016784468
4750.24814755745 46.0135961275079
4761.38173705406 -185.447869718859
4766.36255340764 -259.86712582632
4771.63635895858 -262.797017799156
4819.97957650871 -260.746093418212
4819.97957650871 -260.746093418212
4819.97957650871 -260.746093418212
4831.40615520227 -255.472287867274
4832.28512279437 -244.631687568029
4835.21501476679 -243.166741581819
4852.79436660339 -241.701795595401
4860.7050749298 -240.822828003508
4865.09991288906 -239.650871214457
4869.49475084789 -239.35788201709
4872.7176320181 -246.096633554447
4871.83866442641 -377.355793933184
4865.39290208601 -422.76911951069
4872.42464282073 -534.105014474723
4876.23350238525 -594.167799915786
5032.1037553349 -709.019565247181
5029.17386336248 -709.019565247181
5030.63880934848 -714.879349192645
5035.03364730773 -717.223262770956
5041.18642045036 -718.395219560007
5096.56137873521 -715.758316784538
5114.43371976918 -715.465327587379
5124.39535247633 -715.465327587379
5126.73926605443 -718.688208757374
5126.15328766011 -726.012938689048
5132.5990500001 -755.897836811105
5172.73857002646 -759.413707178466
5175.6684619993 -748.573106879222
5172.15259163214 -750.03805286564
5170.10166725099 -746.229193301119
5162.48394812195 -723.08304671642
5161.01900213553 -717.809241165481
5163.36291571363 -714.000381600961
5167.17177527816 -712.828424811909
5167.17177527816 -712.828424811909
5170.68764564572 -713.414403206435
5210.24118727777 -715.758316784538
5210.24118727777 -715.758316784538
5213.75705764492 -716.930273573589
5219.61684159018 -717.809241165481
5221.37477677396 -720.153154743584
5221.96075516869 -723.669025110946
5227.82053911395 -818.890514225004
5234.26630145394 -995.27001098388
5236.02423663773 -999.664848942926
5281.43756221502 -1089.90552170341
5281.43756221502 -1089.90552170341
5281.43756221502 -1091.37046768962
5281.43756221502 -1091.37046768962
5315.71729829613 -1856.65825096924
5315.71729829613 -1856.65825096924
5306.92762237803 -1867.79184046564
5303.9977304052 -1870.13575404374
5216.68694961776 -1885.95717069656
3592.06185073373 -1962.42735118496
3586.20206678847 -1959.20447001497
3586.49505598542 -1952.17272928045
3649.19474420237 -1960.96240519875
3650.65969018879 -2069.36840818995
3652.12463617479 -2217.91393120792
3649.48773339932 -2219.96485558887
3645.09289544048 -2222.30876916697
3500.6492211844 -2219.96485558887
3490.39459927989 -2220.25784478603
3486.87872891232 -2222.30876916697
3484.53481533421 -2225.23866113981
3476.62410700781 -2312.25645273009
3480.72595576969 -2349.17309158666
3480.72595576969 -2349.17309158666
3479.26100978328 -2345.95021041666
3478.08905299422 -2330.71477215837
3487.46470730705 -2220.84382318055
3491.8595452663 -2219.37887719434
3517.3496054289 -2219.37887719434
3642.16300346765 -2220.84382318055
3646.26485222953 -2215.86300682698
3649.19474420237 -2213.51909324867
3653.88257135858 -2208.24528769773
3653.00360376689 -2084.01786805372
3653.00360376689 -2081.67395447541
3645.6788738348 -1845.81765066999
3636.30321952197 -1626.66173110908
3637.47517631144 -1564.54802128707
3637.76816550839 -1561.03215091971
3636.88919791671 -1546.08970185879
3650.07371179405 -1541.69486389974
3743.83025492149 -1525.87344724693
3934.2732331496 -969.779950821078
3934.2732331496 -970.658918412762
3933.39426555792 -799.260238007666
3933.39426555792 -741.248376947339
3932.80828716318 -739.197452566395
3931.9293195715 -709.605543641706
3932.80828716318 -693.491137791731
3931.9293195715 -687.631353846267
3930.75736278245 -667.415099234404
3921.96768686435 -528.831208923784
3921.67469766699 -502.46218116909
3930.46437358508 -494.551472842682
3922.55366525867 -454.118963618956
3916.10790291868 -377.94177232771
3919.03779489152 -372.960955974138
3920.20975168057 -368.566118014883
3921.08871927225 -366.222204436781
3919.62377328584 -360.362420491316
3914.3499677349 -322.859803240219
3913.17801094585 -318.464965281173
3912.29904335416 -314.363116519285
3911.71306495943 -301.764581036464
3908.78317298701 -239.35788201709
3907.02523780322 -219.727605799753
3904.38833502775 -92.2773049857448
3904.38833502775 -92.2773049857448
3904.38833502775 -92.2773049857448
3904.38833502775 -92.2773049857448
3902.92338904133 22.5744603456501
3907.90420539491 21.1095143592319
3910.83409736774 21.9884819511245
3929.29241679603 24.3323955294352
4000.78178093107 24.3323955294352
4002.53971611444 24.3323955294352
4007.52053246801 25.5043523184864
4012.501348822 25.5043523184864
4020.70504634536 24.3323955294352
4024.22091671293 24.3323955294352
4125.30218977245 25.5043523184864
4135.84980087433 26.9692983046964
4141.41659562222 23.4534279375426
4143.174530806 -142.085468522297
4138.77969284675 -175.779226208665
4138.77969284675 -178.709118181502
4139.95164963622 -183.982923732441
4139.95164963622 -193.944556439793
4139.95164963622 -195.70249162337
4145.81143358147 -244.045709173503
4145.22545518674 -306.159418995718
4143.76050920074 -318.464965281173
4161.33986103692 -373.546934368664
4162.21882862902 -381.750631892231
4170.12953695501 -398.45101613694
4170.71551534975 -401.380908109568
4177.45426688711 -421.011184326905
4184.19301842446 -424.234065497108
4397.78214323707 -418.081292354277
4417.11943025704 -418.081292354277
4513.51287616036 -416.616346367859
4711.57357351751 -408.119659646925
4896.74274619469 -402.845854095986
5061.69566425979 -394.642156572419
5082.79088646355 -395.521124164103
5369.04133220025 -389.075361824113
5872.39677311671 -394.935145769578
5873.27574070839 -395.521124164103
5873.27574070839 -397.572048545047
5868.00193515745 -396.986070150521
5812.33398767565 -396.986070150521
5808.81811730808 -402.25987570146
5809.99007409713 -415.15140038144
5805.88822533524 -443.864341714445
5805.88822533524 -443.864341714445
5802.07936577072 -449.72412565991
5783.9140355398 -440.348471347083
5764.57674851983 -419.839227537854
5755.78707260174 -427.163957469736
5743.48152631607 -445.915266095389
5742.60255872439 -455.583909605374
5739.96565594892 -457.927823183477
5738.5007099625 -456.1698879999
5741.13761273797 -440.934449741609
5751.39223464248 -416.030367973333
5751.39223464248 -410.170584027869
5749.92728865606 -394.056178177893
5753.15016982627 -378.820739919602
5746.41141828891 -364.757258450363
5706.27189826214 -200.097329582416
5699.53314672519 44.548650141298
5697.18923314668 66.8158291341045
5657.63569151463 42.4977257603542
5664.37444305199 56.2682180322269
5655.5847671339 64.4719155557939
5638.8843828894 65.3508831476864
5636.5404693113 63.5929479641095
5636.5404693113 63.8859371612682
5634.19655573278 65.936861542212
5610.75741995092 61.5420235831657
5596.98692767925 65.0578939503195
5582.33746781549 70.3316995012583
5583.21643540717 78.2424078276666
5599.91681965167 104.025457187835
5600.50279804641 109.006273541407
5598.45187366567 114.280079092346
5613.68731192376 197.782000315475
5613.68731192376 197.782000315475
5613.68731192376 197.782000315475
5613.68731192376 197.782000315475
5613.68731192376 197.782000315475
5586.73230577474 194.266129948113
5584.68138139359 192.508194764536
5586.14632738001 160.279383064377
5603.43269001924 117.209971065182
5602.84671162451 112.229154711402
5590.2481761419 96.7007272559525
5563.29316999247 84.9811593650236
5562.70719159815 88.4970297323855
5485.65103271522 84.3951809704979
5485.65103271522 84.3951809704979
5309.85751435087 81.1722998005029
5027.12293898133 80.0003430114516
5021.84913343039 79.7073538140847
5013.05945751229 82.0512673923954
5009.54358714514 82.0512673923954
5009.54358714514 82.0512673923954
4997.23804085948 77.0704510386153
4994.01515968927 74.7265374605128
4991.96423530854 70.3316995012583
4994.89412728138 -91.6913265912192
4990.49928932212 -92.8632833802705
4911.39220605804 -93.1562725774292
4868.32279405884 -97.5511105366837
4864.51393449432 -103.117905284781
4866.85784807242 -179.295096576027
4866.85784807242 -179.295096576027
4871.83866442641 -243.752719976345
4871.83866442641 -243.752719976345
4870.95969683431 -349.228830994913
4869.49475084789 -363.292312463945
4869.49475084789 -379.406718314128
4867.44382646716 -396.400091755996
4862.46301011359 -398.45101613694
4862.46301011359 -398.45101613694
4846.93458265814 -399.329983728832
4670.55508589905 -404.89677847693
4670.26209670169 -404.89677847693
4573.57566160142 -407.826670449766
4515.85678973846 -409.584605633343
4484.50694563019 -411.635530014287
3814.73364066179 -422.476130313323
3625.7556084201 -418.960259946169
3624.58365163104 -418.374281551436
3387.84838023395 -419.546238340695
3384.33250986679 -416.909335565225
3382.86756388037 -412.514497605971
3382.86756388037 -395.521124164103
3383.45354227469 -385.852480654118
3384.33250986679 -382.336610286756
3386.38343424753 -380.871664300546
3394.5871317713 -382.92258868149
3395.75908856035 -386.731448246011
3395.17311016562 -461.443693550839
3387.84838023395 -468.182445088196
3388.43435862826 -471.698315455349
3407.77164564865 -608.524270582392
3401.03289411129 -644.561941847072
3387.84838023395 -659.797380105154
3365.28821204377 -672.395915587976
3333.64537873814 -679.134667125333
2619.33771578454 -714.000381600961
2612.01298585245 -714.293370798119
2612.01298585245 -714.293370798119
2592.38270963512 -714.293370798119
2536.71476215331 -714.000381600961
2481.63279306582 -714.000381600961
2474.30806313373 -713.414403206435
2453.21284092997 -712.828424811909
2446.76707858998 -712.828424811909
2399.88880702627 -711.949457220017
2390.22016351607 -711.949457220017
2379.96554161156 -711.363478825491
2374.98472525799 -709.019565247181
2374.1057576663 -706.968640866237
2373.51977927157 -705.21070568266
2374.69173606062 -702.280813710032
2375.57070365272 -699.643910934562
2372.64081167989 -630.498460377832
2373.51977927157 -423.941076299741
2377.62162803346 -423.355097905216
2379.37956321724 -416.909335565225
2388.16923913534 -386.731448246011
2388.16923913534 -386.731448246011
2386.41130395155 -384.680523865067
2384.36037957081 -309.968278560239
2386.70429314892 -308.210343376454
2391.68510950249 -307.038386587402
2506.53687483409 -309.968278560239
2506.53687483409 -309.968278560239
2643.06984076377 -314.070127322126
2653.03147347091 -315.535073308336
2677.34957684487 -315.535073308336
2677.34957684487 -315.535073308336
2677.34957684487 -315.535073308336
2677.34957684487 -315.535073308336
2677.34957684487 -315.535073308336
2681.15843640939 -313.484148927393
2684.67430677655 -312.605181335708
2708.69942095314 -311.433224546657
2746.78801659876 -311.14023534929
2760.85149806779 -308.210343376454
2763.78139004063 -309.675289362872
2769.05519559157 -319.343932872857
2777.55188231229 -334.872360328515
2783.41166625797 -334.579371131148
2785.75557983607 -330.477522369469
2788.09949341417 -232.9121196771
2788.09949341417 -232.9121196771
2789.27145020322 -224.708422153533
2793.95927735984 -223.243476167115
2894.747561222 -222.657497772589
2897.67745319484 -222.071519378064
2899.14239918084 -220.606573391646
2900.02136677294 -171.970366644145
2898.55642078652 -100.481002509312
2903.53723714009 -98.7230673257349
3031.86650554599 -96.6721429447911
3185.09985572017 -95.7931753528986
3256.00324146048 -94.3282293666886
3286.18112877969 -93.7422509719548
3303.76048061629 -96.6721429447911
3321.33983245289 -96.0861645502655
3384.33250986679 -93.7422509719548
3404.84175367582 -83.487629067444
3410.40854842412 4.9951085092567
3419.49121353958 34.5870174339459
3423.59306230147 57.1471856239112
3429.74583544409 56.5612072293856
3436.19159778408 56.5612072293856
3499.77025359271 60.9560451886401
3508.55992951081 56.2682180322269
3508.55992951081 56.2682180322269
3508.55992951081 56.2682180322269
3510.31786469459 48.3575097058186
3498.59829680325 -0.571686239049037
3501.23519957872 -84.9525750538622
3494.20345884441 -87.2964886319647
3496.25438322514 -95.207196958373
3498.59829680325 -168.454496276991
3501.23519957872 -191.014664466956
3503.57911315724 -194.237545636951
3505.04405914365 -196.288470017895
3503.57911315724 -197.167437609788
3502.11416717082 -200.097329582416
3499.18427519798 -202.14825396336
3501.23519957872 -225.001411350692
3500.6492211844 -224.708422153533
3495.37541563346 -272.465661309141
3497.71932921156 -277.446477662713
3497.71932921156 -277.446477662713
3501.23519957872 -280.669358832708
3501.23519957872 -280.669358832708
3592.35483993109 -277.73946686008
3596.74967789035 -309.675289362872
3597.33565628467 -341.904101063031
3598.80060227108 -396.107102558629
3598.80060227108 -471.112337060824
3596.74967789035 -473.163261441768
3593.52679672015 -474.628207428186
3539.32379522434 -469.647391074406
3537.2728708436 -465.252553115359
3533.75700047645 -429.21488185068
3538.73781683002 -424.820043891634
4371.70610467974 -419.839227537854
4428.5460089506 -421.304173524272
4430.88992252912 -425.699011483318
4438.80063085553 -535.276971263774
4456.67297188908 -544.066647182075
4482.74901044641 -552.270344705642
4551.60147180598 -551.391377113958
4562.14908290786 -618.192914092377
4570.05979123427 -631.377427969724
4580.31441313878 -632.256395561409
4651.51078807645 -630.498460377832
4808.26000861778 -614.677043725015
4849.86447463056 -613.798076133331
4979.36569982592 -609.989216568602
5037.96353928057 -607.352313793133
5190.61091106043 -605.00840021503
5257.7054372358 -610.868184160495
5342.9652936425 -620.53682767048
5473.93146482429 -618.192914092377
5475.39641081029 -623.173730445949
5492.38978425216 -827.094211748571
5489.16690308237 -822.406384592157
5492.97576264689 -828.26616853783
5500.30049257857 -832.661006496876
5686.34863284785 -821.234427803106
5687.81357883385 -821.820406197632
5689.864503215 -822.699373789524
5712.13168220781 -823.871330578576
5714.76858498328 -826.801222551412
5715.06157418064 -834.418941680453
5716.52652016706 -849.068401544218
5716.52652016706 -855.514163884209
5716.52652016706 -857.565088265152
5716.52652016706 -857.565088265152
5716.2335309697 -862.252915421566
5715.06157418064 -866.354764183245
5712.71766060254 -895.946673107934
5707.73684424855 -900.048521869822
5686.34863284785 -900.341511067189
5540.73300180271 -901.51346785624
5505.57429812951 -846.138509571382
5504.10935214351 -841.743671612336
5504.10935214351 -839.399758034233
5498.83554659257 -817.425568238585
5486.53000030691 -815.960622252167
5335.34757451346 -825.336276564994
5313.37338471802 -827.094211748571
5286.4183785686 -829.73111452404
5244.52092335845 -830.024103721407
5238.95412861056 -827.680190143096
5235.73124744036 -823.871330578576
5232.21537707321 -806.584967939549
5230.75043108679 -730.407776648303
5231.62939867847 -733.337668620931
5234.55929065131 -728.649841464518
5222.83972276038 -604.129432623138
5214.6360252366 -599.148616269566
5204.96738172683 -598.269648677673
5043.82332322583 -602.957475834086
4989.9133109278 -604.422421820505
4986.6904297576 -602.078508242194
4974.38488347194 -602.078508242194
4945.08596374482 -604.422421820505
4878.57741596335 -603.543454228612
4877.11246997735 -601.19954065051
4878.2844267664 -561.938988215835
4877.69844837167 -559.595074637525
4880.04236194977 -526.487295345682
4882.09328633092 -512.130824679283
4880.04236194977 -451.18907164612
4879.74937275282 -441.520428136135
4875.64752399093 -409.291616435976
4876.23350238525 -254.886309472748
4875.35453479357 -254.007341880855
4874.18257800452 -242.287773989927
4830.82017680795 -244.631687568029
4830.82017680795 -244.631687568029
4830.23419841322 -249.026525527284
4830.23419841322 -249.026525527284
4829.35523082153 -254.886309472748
4829.35523082153 -254.886309472748
4825.83936045438 -256.937233853692
4813.82680336609 -259.281147431794
4813.82680336609 -260.746093418212
4813.82680336609 -260.746093418212
4815.2917493525 -260.160115023687
4815.2917493525 -265.726909771784
4815.2917493525 -268.656801744621
4815.2917493525 -272.465661309141
4815.2917493525 -285.650175186488
4815.2917493525 -287.994088764591
4815.2917493525 -290.045013145535
4815.2917493525 -292.974905118371
4816.75669533892 -275.395553281769
4824.96039286228 -172.263355841512
4827.01131724343 -158.199874372272
4827.01131724343 -156.148949991328
4827.01131724343 -156.148949991328
4827.30430644038 -154.391014807751
4819.97957650871 -229.982227704472
4821.15153329776 -223.536465364482
4824.96039286228 -194.823524031477
4832.87110118869 -141.206500930404
4832.87110118869 -144.429382100399
4824.0814252706 -205.664124330722
4822.90946848155 -214.746789446181
4818.51463052229 -243.752719976345
4818.22164132492 -249.026525527284
4819.10060891702 -242.287773989927
4819.97957650871 -237.306957636355
4819.68658731134 -241.701795595401
4820.56555490344 -235.842011649936
4821.15153329776 -233.791087268993
4820.56555490344 -235.842011649936
4818.51463052229 -245.510655159922
4819.68658731134 -241.115817200875
4821.44452249513 -232.9121196771
4821.15153329776 -234.963044058044
4823.49544687586 -225.587389745217
4819.97957650871 -240.822828003508
4821.44452249513 -234.963044058044
4831.40615520227 -200.683307976941
4831.40615520227 -200.683307976941
4819.97957650871 -252.835385091804
4824.37441446796 -252.835385091804
4829.94120921585 -252.542395894437
4822.90946848155 -256.351255459166
4836.67996075321 -256.351255459166
4834.62903637247 -257.816201445376
4846.93458265814 -258.402179839902
4855.1382801815 -258.402179839902
4903.48149773163 -155.85596079417
4903.18850853468 -179.295096576027
4818.51463052229 -258.402179839902
4827.89028483512 -257.816201445376
4830.23419841322 -255.765277064432
4831.40615520227 -251.956417499912
4833.16409038606 -244.631687568029
4836.09398235889 -243.752719976345
4870.95969683431 -242.580763187293
4872.42464282073 -247.561579540865
4871.25268603168 -377.355793933184
4873.30361041241 -379.992696708654
4874.76855639883 -383.801556273174
4875.35453479357 -386.145469851485
4858.06817215433 -474.04222903366
4860.11909653507 -475.50717501987
4871.83866442641 -607.938292187658
4869.78774004526 -609.403238174077
4686.66949174924 -623.466719643316
4504.72320024185 -624.638676432367
4447.59030677362 -623.173730445949
4228.72737641008 -630.498460377832
3949.5086714081 -639.288136296133
3578.87733685638 -644.561941847072
3504.45808074892 -642.511017466128
3466.95546349803 -624.931665629734
3469.88535547045 -574.830512895815
3413.33844039654 -592.702853929576
3398.10300213846 -589.479972759581
3397.22403454677 -592.702853929576
3390.77827220678 -646.612866227807
3371.14799598945 -665.657164050619
3346.82989261549 -674.739829166286
3315.18705930985 -679.720645519858
3297.90069667062 -680.599613111751
3296.43575068462 -681.771569900802
3291.747923528 -690.854235016262
3294.0918371061 -696.714018961726
3298.48667506535 -737.732506580185
3298.48667506535 -740.369409355655
3296.14276148725 -908.838197788123
3298.48667506535 -920.557765679051
3298.48667506535 -920.557765679051
3299.07265346009 -928.761463202618
3299.07265346009 -928.761463202618
3293.21286951441 -931.691355175455
3293.21286951441 -931.691355175455
3241.35378159713 -934.035268753557
3234.02905166504 -933.156301161873
3223.18845136579 -930.226409189037
3148.18321686401 -920.85075487621
3117.41935115007 -928.175484808093
2956.27529264948 -928.761463202618
2952.75942228233 -926.710538821675
2956.27529264948 -921.436733270736
2994.65687749247 -925.83157122999
2996.7078018732 -928.761463202618
2995.82883428152 -975.639734766542
2994.65687749247 -973.295821188232
2990.84801792795 -974.76076717465
2970.33877411851 -980.034572725589
2960.084152214 -982.378486303899
2810.07368320961 -980.620551120114
2812.12460759076 -1079.06492140417
2807.72976963151 -1079.65089979869
2654.7894086547 -1084.92470534963
2650.10158149808 -1084.92470534963
2529.39003222122 -1084.63171615247
2527.33910784048 -1081.994813377
2528.8040538269 -1078.77193220701
2529.39003222122 -1069.39627789418
2530.26899981332 -1013.14235201764
2529.97601061595 -1012.26338442575
2530.26899981332 -1007.8685464667
2522.06530228954 -955.130490957313
2516.7914967386 -914.697981733587
2505.36491804504 -892.137813543413
2519.13541031671 -835.004920074979
2522.94426988123 -832.075028102351
2606.44619110456 -819.769481816688
2600.29341796152 -725.133971097364
2600.58640715889 -722.204079124528
2610.8410290634 -679.720645519858
2604.10227752605 -630.498460377832
2602.05135314531 -628.447535996888
2603.51629913173 -619.657860078796
2604.10227752605 -560.474042229417
2604.98124511815 -559.009096242999
2597.36352598869 -422.76911951069
2597.36352598869 -422.76911951069
2601.75836394794 -421.011184326905
2774.62199033946 -421.011184326905
2783.70465545492 -418.960259946169
2789.27145020322 -413.100476000705
2789.56443940059 -361.827366477735
2790.15041779532 -224.708422153533
2870.72244704541 -225.001411350692
3047.10194380449 -226.46635733711
3051.49678176333 -220.606573391646
3056.77058731427 -220.313584194279
3067.61118761351 -221.192551786171
3072.88499316445 -219.727605799753
3180.41202856396 -221.778530180697
3296.43575068462 -216.211735432599
3303.46749141893 -223.243476167115
3305.22542660271 -219.141627405227
3316.06602690196 -120.990246318542
3318.99591887438 -120.697257121175
3372.61294197545 -108.977689230246
3371.73397438376 -104.875840468358
3362.35832007094 -103.996872876674
3360.89337408452 -102.531926890256
3381.98859628827 -100.481002509312
3390.19229381205 -100.188013312153
3392.82919658752 -100.481002509312
3394.5871317713 -101.066980903837
3422.12811631505 -223.536465364482
3426.52295427389 -224.122443759007
3433.26170581124 -225.001411350692
3434.14067340334 -228.517281718054
3440.0004573486 -383.801556273174
3440.0004573486 -383.801556273174
3471.35030145687 -385.266502259592
3476.62410700781 -382.336610286756
3477.79606379686 -381.457642695072
3485.4137829259 -371.203020790353
3515.29868104816 -265.140931377259
3535.22194646287 -256.937233853692
3536.68689244887 -249.905493118968
3536.39390325192 -232.9121196771
3537.2728708436 -231.447173690682
3548.11347114285 -212.988854262604
3593.52679672015 -218.262659813543
3598.21462387635 -220.313584194279
3759.06569317998 -219.727605799753
3759.06569317998 -219.727605799753
3763.46053113924 -216.797713827125
3765.80444471734 -211.523908276186
3767.26939070376 -151.461122834915
3768.14835829544 -147.066284875869
3768.73433668976 -150.875144440389
3765.21846632261 -151.754112032282
3765.21846632261 -157.613895977746
3766.39042311166 -218.262659813543
3766.68341230903 -219.727605799753
3770.78526107091 -221.192551786171
3776.64504501617 -221.192551786171
3890.91083195304 -201.269286371675
3893.84072392588 -203.613199949778
4026.56483029103 -202.14825396336
4026.56483029103 -196.874448412421
4026.56483029103 -196.874448412421
4026.56483029103 -196.874448412421
4012.79433801895 23.4534279375426
4135.84980087433 28.7272334884815
4344.45810933336 20.5235359647063
4375.22197504689 16.12869800566
4397.78214323707 16.7146764001856
4405.39986236611 17.5936439920782
4410.96665711442 21.1095143592319
4431.7688901208 40.4468013794104
4446.1253607872 42.4977257603542
4472.4943885419 43.3766933520385
4474.25232372568 43.3766933520385
4649.75285289267 49.8224556922368
4743.5093960201 52.1663692703393
4748.19722317672 48.3575097058186
4750.83412595219 35.7589742229972
4759.91679106765 -170.505420657727
4766.36255340764 -257.23022305085
4768.70646698574 -258.695169037269
4796.24745152949 -256.937233853692
4810.31093299852 -256.351255459166
4816.17071694419 -257.23022305085
4812.36185737967 -257.816201445376
4805.91609503968 -254.886309472748
4800.64228948874 -255.472287867274
4800.64228948874 -255.472287867274
4800.64228948874 -255.472287867274
4800.64228948874 -255.472287867274
4800.64228948874 -255.472287867274
4767.82749939405 -258.695169037269
4766.94853180237 -253.42136348633
4764.89760742122 -192.772599650533
4769.29244538047 -189.842707677905
4841.07479871247 -188.377761691487
4866.85784807242 -188.084772494328
4870.95969683431 -185.447869718859
4872.42464282073 -181.053031759604
4868.02980486148 -60.0484932855862
4862.17002091622 66.8158291341045
4860.7050749298 93.1848568887987
4855.72425857623 155.884545105331
4851.32942061698 243.19532589298
4855.72425857623 244.660271879399
4863.0489885079 245.246250273924
4866.85784807242 252.570980205807
4862.17002091622 339.295782598722
4865.09991288906 346.327523333446
4869.49475084789 346.620512530605
4922.52579555465 341.932685374192
5107.10898983709 344.862577347028
5177.13340798572 346.327523333446
5178.89134316908 191.336237975485
5184.45813791739 122.483776616121
5186.21607310118 122.190787418754
5188.85297587664 122.483776616121
5184.45813791739 115.159046684238
5184.45813791739 84.102191773131
5178.59835397213 81.1722998005029
5000.75391122663 78.5353970250335
4996.35907326779 79.1213754195591
4994.30814888664 78.5353970250335
4994.30814888664 78.5353970250335
4992.55021370327 75.3125158550384
4992.55021370327 75.3125158550384
4994.30814888664 -7.89641617072348
4998.40999764853 -84.9525750538622
4996.94505166211 -91.3983373938523
4991.08526771686 -92.2773049857448
4887.95307027618 -94.3282293666886
4885.02317830334 -94.3282293666886
4881.50730793619 -95.207196958373
4869.49475084789 -96.0861645502655
4866.56485887547 -100.481002509312
4868.32279405884 -177.244172195084
4874.76855639883 -248.440547132758
4871.83866442641 -388.782372626954
4871.83866442641 -388.782372626954
4872.42464282073 -486.347775319115
4972.04096989383 -611.45416255502
4977.31477544477 -615.263022119541
5022.72810102249 -613.798076133331
5025.07201460059 -618.778892486903
5029.17386336248 -709.605543641706
5030.63880934848 -712.828424811909
5037.37756088584 -717.809241165481
5045.58125840961 -718.395219560007
5052.9059883417 -720.153154743584
5055.54289111717 -720.73913313811
5062.86762104885 -714.000381600961
5068.7274049941 -713.414403206435
5078.3960485043 -715.758316784538
5086.3067568307 -716.930273573589
5103.88610866731 -721.325111532843
5111.21083859898 -724.255003505472
5120.00051451707 -725.133971097364
5124.68834167369 -724.255003505472
5125.86029846275 -724.547992702838
5126.15328766011 -724.255003505472
5125.27432006801 -735.388593001875
5128.20421204085 -755.018869219212
5133.18502839442 -755.311858416579
5183.28618112834 -755.311858416579
5190.61091106043 -756.776804402997
5198.52161938684 -755.311858416579
5222.83972276038 -752.967944838268
5223.42570115511 -757.362782797523
5224.3046687468 -797.502302823881
5224.3046687468 -797.502302823881
5226.35559312753 -815.081654660483
5227.23456071963 -833.539974088561
5236.02423663773 -839.399758034233
5245.98586934487 -839.985736428759
5795.34061423378 -818.304535830478
6286.09751966721 -830.024103721407
6467.1648435825 -831.489049707825
6470.09473555533 -834.125952483294
6470.68071395007 -838.8137796395
6454.56630809988 -1486.02691641773
6453.98032970515 -1487.49186240394
6455.44527569157 -1508.88007380506
6454.56630809988 -1526.45942564145
6457.78918927009 -1529.38931761429
6450.17147014063 -1575.38862158611
6431.12717231803 -1599.70672495986
6289.02741164004 -1708.69870634579
6249.473870008 -1735.36072329764
6239.51223730086 -1735.36072329764
6232.18750736877 -1730.08691774691
6230.72256138276 -1722.17620942051
6256.79859994009 -1713.97251189673
6784.47214423009 -2145.25261028404
6921.88407775187 -2286.76639256729
6921.88407775187 -2307.27563637631
6913.38739103073 -2328.66384777743
6823.14671827045 -2415.09566097319
6802.63747446143 -2427.40120725864
6798.24263650217 -2431.21006682337
6805.56736643385 -2444.98055909524
6899.90988795602 -2553.97254048097
6922.17706694882 -2664.72245705047
6922.17706694882 -2669.11729500973
6971.10626289369 -2731.23100483173
6966.12544654012 -2732.98894001531
6879.40064414699 -2735.91883198815
6875.88477377984 -2710.7217610225
6832.81536178065 -2645.67815922787
6878.22868735794 -2717.46051255986
6879.69363334436 -2742.36459432814
6880.86559013341 -2743.24356192003
6885.26042809266 -2743.82954031456
6971.69224128842 -2734.45388600173
6971.69224128842 -2730.64502643721
6922.76304534356 -2666.18740303689
6925.69293731639 -2660.32761909143
6885.26042809266 -2516.76291242723
6806.44633402595 -2443.51561310883
6786.52306861124 -2438.24180755789
6786.52306861124 -2438.24180755789
6494.99881732361 -2568.62200034473
6410.91091770595 -2575.94673027661
6406.22309054975 -2571.84488151473
6405.63711215501 -2556.31645405928
6393.0385766724 -2488.04997109444
6380.73303038674 -2454.35621340786
6377.21716001959 -2451.71931063239
6337.37062919018 -2449.37539705429
6325.65106129925 -2448.4964294624
6327.11600728567 -2449.96137544882
6330.92486685019 -2449.96137544882
6376.92417082222 -2450.84034304071
6377.8031384139 -2450.84034304071
6378.38911680864 -2447.32447267335
6357.29389460488 -2393.70744957227
6261.19343789893 -2079.62303009467
6260.60745950461 -2071.41933257089
6249.473870008 -2041.24144525168
6249.76685920537 -2027.47095297981
6252.69675117821 -2011.35654712983
6252.69675117821 -2009.01263355152
6246.83696723253 -1958.03251322592
6228.37864780425 -1940.16017219216
6191.75499814504 -1853.14238060188
6188.82510617262 -1851.67743461546
6112.64791488138 -1843.76672628905
6110.59699050022 -1839.37188833
6111.18296889496 -1832.63313679265
6116.16378524853 -1830.28922321454
6229.25761539635 -1774.035297338
6229.25761539635 -1771.69138375969
6210.79929596806 -1767.5895349978
6125.83242875872 -1811.53791458889
6039.40061556255 -1830.5822124117
6032.07588563087 -1829.11726642549
6025.63012329088 -1821.49954729624
6023.8721881071 -1820.91356890172
6029.14599365804 -1821.49954729624
6023.28620971278 -1824.42943926908
6016.54745817543 -1832.04715839812
6009.5157174407 -1833.21911518717
5999.26109553619 -1831.16819080623
5998.38212794451 -1825.89438525529
6000.43305232524 -1799.81834669796
6002.19098750903 -1793.66557355534
6000.43305232524 -1684.67359216941
5998.38212794451 -1679.69277581563
5999.26109553619 -1637.20934221096
5998.96810633882 -1631.93553666002
5994.86625757694 -1629.59162308192
5860.67720522578 -1631.05656906833
5860.67720522578 -1631.05656906833
5860.67720522578 -1631.05656906833
5819.07273921259 -1632.52151505455
5817.31480402922 -1629.00564468739
5820.537685199 -1594.43291940892
5823.46757717184 -1562.20410770876
5826.10447994731 -1558.10225894708
5827.56942593373 -1554.87937777709
5827.56942593373 -1554.87937777709
5824.93252315826 -1546.38269105615
5831.37828549825 -1511.22398738316
5842.21888579749 -1504.48523584601
5849.54361572917 -1502.43431146507
5934.80347213587 -1492.17968956035
5960.8795106932 -1476.6512621049
5974.35701376791 -1452.33315873115
5978.4588625298 -1428.30804455477
5989.00647363168 -1365.90134553539
6032.95485322256 -1232.59126077571
5956.77766193131 -684.994451070797
5942.12820206796 -672.981893982501
5917.22412029969 -663.606239669883
5771.31550005719 -631.96340636425
5752.8571806289 -614.677043725015
5744.94647230249 -600.613562255984
5692.2084167931 27.2622875020633
5691.62243839879 32.829082250369
5685.46966525575 182.253572860025
5682.83276248028 285.092781103124
5682.53977328333 314.391700830446
5684.29770846669 320.837463170437
5658.51465910674 784.639362455063
5632.14563135204 807.785509039762
5599.33084125736 820.384044522583
5599.33084125736 820.384044522583
5551.57360210154 823.313936495211
5551.57360210154 823.313936495211
4932.48742826179 813.059314590701
4926.9206335139 816.575184958062
4901.13758415353 1387.31814124747
4907.58334649352 1391.71297920672
4895.86377860259 1413.68716900216
4902.60253013995 1468.47614889249
4906.9973680992 1481.07468437511
4915.78704401729 1490.7433278853
4929.85052548632 1504.51382015717
4932.78041745916 1508.02969052433
4933.95237424821 1510.95958249716
4928.09259030295 1512.71751768074
4921.64682796296 1512.42452848358
4915.20106562256 1512.42452848358
4909.92726007204 1513.88947446979
4907.58334649352 1514.76844206168
4903.18850853468 1517.69833403452
4909.3412816773 1505.97876614338
4891.7619298407 1589.48068736651
5081.91191887145 1572.78030312201
5084.84181084429 1576.29617348916
5089.23664880354 1576.88215188369
5187.38802989023 1580.10503305369
5188.85297587664 1580.10503305369
5190.31792186306 1577.17514108106
5193.54080303285 1474.62892203512
5194.12678142758 1462.61636494703
5194.7127598219 1445.33000230779
5192.66183544117 1441.52114274327
5192.66183544117 1401.38162271671
5189.73194346833 1399.91667673029
5169.22269965931 1399.0377091386
5164.24188330573 1396.98678475766
5011.88750072324 1392.59194679841
5007.19967356662 1394.05689278482
4758.15885588386 1387.31814124747
4752.29907193861 1387.31814124747
4746.43928799293 1387.31814124747
4736.18466608842 1387.90411964199
4416.82644105967 1379.1144437239
4404.52089477442 1378.52846532937
4337.71935779601 1373.54764897559
4331.27359545602 1376.18455175106
4332.1525630477 1503.63485256528
4340.64924976884 1504.51382015717
4399.54007842085 1499.53300380339
4405.98584076084 1497.77506861982
4409.501711128 1498.06805781718
4413.31057069252 1497.18909022529
4505.01618943921 1500.99794978981
4508.53205980678 1498.65403621171
4513.51287616036 1360.07014590109
4508.53205980678 1357.14025392825
4499.74238388828 1355.9682971392
4469.85748576643 1355.9682971392
4468.09955058264 1358.01922152014
4469.56449656906 1365.34395145203
4471.90841014716 1366.22291904392
4556.87527735692 1369.15281101655
4564.78598568333 1368.85982181939
4569.18082364216 1366.22291904392
4569.18082364216 1361.53509188751
4563.32103969691 1359.48416750656
4528.16233602412 1357.14025392825
4523.76749806487 1359.48416750656
4522.30255207845 1363.87900546561
4509.41102739847 1669.17374902512
4512.92689776562 1676.79146815416
4518.7866817113 1691.44092801793
4515.27081134372 1764.39523813897
4509.99700579279 1928.76217780976
4514.39184375204 1934.32897255785
4520.25162769771 1936.08690774164
4887.0741026845 1950.44337840804
4935.41732023463 1947.5134864352
4936.29628782631 1943.11864847616
4930.43650388106 1937.25886453069
4909.3412816773 1922.60940466693
4903.18850853468 1922.60940466693
4900.25861656184 1924.36733985071
4898.79367057543 1927.88321021786
4899.08665977279 2103.09075018769
4901.13758415353 2121.84205881313
4901.13758415353 2121.84205881313
4904.6534545211 2212.08273157362
4904.6534545211 2211.49675317909
4904.06747612636 2228.78311581812
4903.18850853468 2233.47094297453
4904.94644371805 2244.8975216683
4906.9973680992 2361.50722218328
4903.48149773163 2372.64081167968
4904.6534545211 2374.69173606062
4907.87633569088 2442.95821902546
4911.97818445277 2563.08378990779
4912.27117365014 2567.18563866947
4930.43650388106 2935.76604884004
4929.85052548632 2934.88708124836
4998.40999764853 3256.00324146048
5168.34373206762 3251.60840350143
5762.52582413909 3246.33459795049
5767.50664049267 3251.60840350143
5767.79962969003 3289.40400994969
5766.33468370361 3303.46749141893
5763.40479173078 3304.93243740534
5761.93984574436 3302.58852382703
5760.47489975794 3256.00324146048
5756.66604019342 3252.78036029048
5756.66604019342 3252.78036029048
5745.53245069681 3251.60840350143
5620.42606346111 3252.78036029048
5618.37513907996 3252.78036029048
5219.61684159018 3256.00324146048
5214.05004684229 3250.72943590954
5214.05004684229 3250.72943590954
5211.12015486945 3254.2453062769
5211.12015486945 3254.2453062769
5203.50243574041 3252.78036029048
5197.05667340042 3242.81872758313
5199.98656537284 3078.45178791255
5190.31792186306 3079.33075550444
5117.3636117416 3086.06950704159
5114.14073057182 3088.12043142253
5110.62486020466 3096.32412894631
5110.62486020466 3118.00532954459
5109.15991421824 3111.55956720439
5111.50382779635 3113.02451319081
5105.64404385067 3158.43783876832
5096.85436793258 3159.02381716284
5083.66985405524 3160.48876314926
5070.19235098052 3169.57142826472
5063.74658864053 3180.41202856376
5068.7274049941 3250.72943590954
5078.98202689903 3256.00324146048
5206.43232771283 3262.44900380047
5206.7253169102 3264.49992818141
5185.92308390381 3343.60701144549
5128.79019043558 3472.81524744329
5140.80274752388 3516.76362703437
5061.40267506243 3547.52749274811
5124.39535247633 3511.48982148344
5126.73926605443 3499.18427519777
5125.86029846275 3492.44552366062
5318.64719026896 3505.63003753797
5328.02284458179 3526.13928134699
5333.29665013273 3533.46401127887
5335.64056371083 3535.51493565982
5330.95273655463 3538.73781682981
5326.55789859537 3561.29798501999
5320.99110384707 3567.15776896545
5251.84565329054 3599.97255906014
5254.77554526338 3607.59027818918
5281.14457301807 3642.74898186217
5287.00435696333 3647.72979821574
5292.864140909 3651.53865778026
5293.74310850069 3635.42425193029
5293.74310850069 3635.42425193029
5296.08702207879 3633.08033835198
5306.04865478635 3623.70468403936
5308.97854675877 3622.82571644747
5314.25235230971 3622.82571644747
5349.99703437723 3603.78141862466
5348.53208839081 3599.38658066561
5322.16306063612 3558.36809304715
5323.04202822822 3554.85222268
5325.97192020064 3527.60422733341
5330.36675815989 3518.22857302058
5328.02284458179 3512.07579987796
5325.38594180632 3509.43889710249
5323.9209958199 3509.43889710249
5121.46546050349 3497.4263400142
5115.60567655823 3502.11416717061
5066.67648061337 3594.11277511467
5062.28164265411 3602.90245103276
5057.88680469527 3607.59027818918
5035.3266365051 3632.49435995745
5031.51777694058 3644.79990624291
5031.51777694058 3648.31577661027
5033.56870132132 3681.42355590232
5033.56870132132 3681.42355590232
5025.07201460059 3792.17347247183
5090.11561639523 3923.72562204772
5090.11561639523 3944.52785505411
5087.18572442239 3992.57808340709
5090.11561639523 3994.33601859066
5093.92447595975 3994.33601859066
5101.83518428615 3993.45705099898
5116.48464414992 3992.87107260445
5134.64997438084 3995.80096457708
5137.87285555104 3995.50797537992
5150.17840183629 3994.33601859066
5150.17840183629 3994.33601859066
5171.56661323741 3996.38694297161
5171.56661323741 4019.82607875367
5170.68764564572 4032.42461423629
5173.03155922383 4063.77445834476
5173.03155922383 4067.29032871192
5177.42639718308 4123.83724378582
5173.61753761815 4166.90665578502
5172.73857002646 4172.18046133596
5172.73857002646 4174.2313857169
5166.8787860812 4191.22475915877
5166.8787860812 4191.22475915877
5165.41384009479 4209.3900893899
5164.24188330573 4212.31998136253
5158.9680777548 4232.24324677723
5158.9680777548 4240.15395510364
5186.80205149549 4464.29069101812
5193.54080303285 4468.09955058264
5283.48848659618 4466.63460459622
5408.88786302924 4467.22058299075
5412.4037333964 4471.02944255548
5411.81775500208 4481.28406445999
5410.35280901566 4483.33498884093
5409.47384142397 4480.69808606546
5410.05981981829 4472.49438854169
5405.9579710564 4467.51357218812
5397.75427353305 4466.0486262017
5308.39256836445 4468.09955058264
5187.38802989023 4467.22058299075
5147.83448825818 4287.91119425925
5140.50975832651 4285.8602698783
5131.13410401368 4285.8602698783
5069.02039419147 4286.44624827283
5067.55544820505 4286.44624827283
5067.55544820505 4286.44624827283
5056.42185870886 4284.98130228641
5056.42185870886 4284.98130228641
5052.9059883417 4281.17244272189
5069.02039419147 4050.00396607289
5076.05213492619 4011.6223812299
5083.37686485787 3911.42007576227
5071.65729696694 3872.45251252475
5015.98934948513 3772.25020705712
5029.46685255943 3704.27671328965
4974.97086186667 3264.49992818141
4904.94644371805 2587.10890408418
4903.48149773163 2388.75521752965
4903.48149773163 2332.20830245595
4894.69182181354 2320.48873456502
4896.15676779996 2273.02448460658
4903.18850853468 2269.80160343658
4900.25861656184 2202.41408806363
4898.79367057543 2152.89891372424
4887.95307027618 1629.91319659024
4885.02317830334 1399.91667673029
4875.35453479357 1378.52846532937
4891.7619298407 1358.89818911204
4904.94644371805 1116.88911216379
4904.6534545211 1115.42416617737
4905.53242211278 789.620178808843
4914.32209803087 777.021643326021
4917.25199000371 662.755856389152
4916.66601160898 652.7942236818
4931.31547147274 375.040464666243
4946.55090973124 164.674221023632
4986.6904297576 163.209275037214
4991.37825691381 156.17753430249
4993.42918129496 90.2549649159624
4994.01515968927 82.6372457869211
4994.30814888664 78.2424078276666
4998.7029868459 76.1914834467228
5118.53556853065 74.7265374605128
5120.00051451707 71.2106670931509
5118.53556853065 56.5612072293856
5117.94959013634 54.2172936512831
5118.53556853065 46.3065853248748
5119.41453612275 49.2364772977112
5117.07062254465 73.2615914740946
5120.87948210917 74.1405590659872
5141.97470431293 72.675613079569
5143.7326394963 72.675613079569
5143.7326394963 72.675613079569
5143.7326394963 72.675613079569
5146.66253146913 74.1405590659872
5149.2994342446 75.6055050521972
5166.8787860812 75.6055050521972
5371.97122417267 76.7774618414566
5389.84356520664 73.2615914740946
5440.23770713751 74.7265374605128
5443.16759911034 72.3826238822021
5452.83624262054 -67.3732232174688
5454.00819940959 -172.849334236037
5444.63254509676 -179.588085773394
5446.09749108318 -181.63901015413
5450.49232904202 -179.588085773394
5675.5080325486 -179.295096576027
5684.29770846669 -182.224988548864
5689.27852482027 -194.237545636951
5687.81357883385 -203.027221555252
5687.22760043953 -205.664124330722
5689.27852482027 -208.59401630335
5693.08738438479 -219.727605799753
5704.51396307877 -258.402179839902
5741.13761273797 -612.919108541439
5759.00995377152 -631.377427969724
5779.51919758096 -640.753082282343
5945.05809404038 -681.771569900802
5960.29353229888 -698.76494334267
5960.29353229888 -698.76494334267
5963.80940266604 -720.153154743584
6001.89799831166 -1127.11514975714
5994.86625757694 -1128.87308494072
5984.31864647506 -1127.4081389543
5979.92380851622 -1121.54835500884
5977.28690574075 -1094.30035966246
5982.26772209432 -1089.90552170341
6016.84044737279 -1087.85459732247
6164.50700279866 -1089.02655411152
6166.26493798245 -1089.31954330889
6167.4368947715 -1091.37046768962
6167.72988396887 -1093.71438126793
6167.72988396887 -1108.94981952622
6170.36678674434 -1127.11514975714
6169.7808083496 -1152.01923152542
6167.72988396887 -1234.05620676213
6168.31586236318 -1304.66660330507
6168.31586236318 -1330.15666346787
6170.36678674434 -1331.03563105976
6174.76162470317 -1332.20758784881
6180.91439784621 -1332.50057704618
6184.43026821337 -1331.03563105976
6194.68489011788 -1330.15666346787
6201.13065245787 -1330.15666346787
6201.42364165524 -1328.10573908693
6198.4937496824 -1328.10573908693
6193.21994413146 -1329.27769587619
6173.58966791412 -1329.27769587619
6170.36678674434 -1326.64079310072
6170.65977594129 -1322.24595514146
6170.65977594129 -1234.93517435381
6169.19482995528 -1229.07539040835
6169.7808083496 -1176.92331329369
6168.31586236318 -1174.28641051822
6168.31586236318 -1174.28641051822
6168.31586236318 -1174.28641051822
6168.31586236318 -1174.28641051822
6168.31586236318 -1174.28641051822
6160.99113243151 -1171.35651854539
6076.61024361649 -1167.54765898087
6076.61024361649 -1167.54765898087
6074.55931923575 -1168.42662657276
6074.55931923575 -1168.42662657276
6028.56001526372 -1168.13363737539
6024.7511556992 -1166.08271299445
6022.70023131805 -1144.10852319901
6028.26702606635 -1085.51068374416
5865.07204318462 -1086.38965133605
5862.72812960652 -1084.04573775795
5843.68383178391 -856.393131476101
5822.00263118542 -837.055844455923
5820.24469600205 -833.539974088561
5818.77975001564 -818.011546633111
5811.45502008354 -815.374643857642
5664.96042144673 -815.081654660483
5662.32351867126 -810.100838306703
5658.51465910674 -775.528113028442
5652.65487516106 -774.942134633916
5588.78323015548 -779.336972592962
5585.85333818264 -776.407080620334
5578.52860825097 -730.407776648303
5579.99355423739 -728.063863069992
5578.52860825097 -717.809241165481
5572.08284591098 -711.070489628124
5495.90565461973 -710.484511233599
5429.39710683826 -713.414403206435
5430.56906362773 -721.618100730002
5401.2701439002 -718.395219560007
5383.98378126097 -717.809241165481
5335.64056371083 -716.930273573589
5333.29665013273 -718.395219560007
5328.02284458179 -717.809241165481
5287.2973461607 -718.395219560007
5225.47662553585 -722.204079124528
5222.54673356301 -726.598917083782
5222.54673356301 -757.948761192048
5219.90983078754 -758.827728783733
5213.75705764492 -755.897836811105
5195.00574901927 -750.624031260166
5176.54742959098 -757.362782797523
5171.56661323741 -757.948761192048
5165.41384009479 -756.776804402997
5168.34373206762 -750.917020457324
5162.77693731932 -750.03805286564
5131.13410401368 -755.311858416579
5129.66915802727 -753.553923232794
5130.255136422 -741.834355341865
5133.18502839442 -738.318484974711
5131.720082408 -731.579733437354
5117.94959013634 -728.063863069992
5117.3636117416 -726.598917083782
5115.89866575518 -724.547992702838
5112.96877378276 -723.08304671642
5111.50382779635 -720.73913313811
5107.10898983709 -720.153154743584
5035.03364730773 -716.344295179063
5031.51777694058 -711.070489628124
5026.24397138964 -618.778892486903
5026.53696058701 -618.192914092377
5016.28233868208 -604.129432623138
5009.54358714514 -601.492529847668
4878.57741596335 -602.957475834086
4876.23350238525 -262.211039404631
4872.42464282073 -242.580763187293
4865.39290208601 -241.701795595401
4832.87110118869 -243.752719976345
4831.40615520227 -246.682611948973
4831.69914439964 -254.886309472748
4815.2917493525 -260.160115023687
4815.2917493525 -261.625061009897
4819.97957650871 -258.695169037269
4822.90946848155 -258.402179839902
4829.94120921585 -258.402179839902
4831.69914439964 -257.816201445376
4831.69914439964 -257.816201445376
4831.69914439964 -257.816201445376
4831.69914439964 -257.816201445376
4827.89028483512 -255.472287867274
4829.94120921585 -252.835385091804
4829.94120921585 -251.956417499912
4827.89028483512 -255.472287867274
4828.47626322985 -254.007341880855
4827.30430644038 -262.211039404631
4828.47626322985 -270.414736928198
4828.7692524268 -280.669358832708
4828.7692524268 -280.669358832708
4824.37441446796 -271.586693717249
4824.37441446796 -272.465661309141
4821.15153329776 -289.166045553642
4819.68658731134 -295.904797090999
4809.43196540683 -347.177906613969
4809.43196540683 -348.642852600388
4806.502073434 -362.706334069419
4807.3810410261 -358.897474504898
4812.36185737967 -334.579371131148
4800.64228948874 -394.056178177893
4789.80168918949 -448.259179673492
4739.99352565294 -706.675651669078
4738.52857966652 -715.758316784538
4753.76401792502 -637.823190309715
4746.43928799293 -675.325807560812
4700.4399840209 -913.526024944536
4708.35069234731 -873.093515720602
4824.0814252706 -270.414736928198
4923.99074154107 108.420295146881
4945.96493133651 176.393788914561
4961.20036959459 223.565049675643
4966.18118594858 239.679455525618
5023.60706861417 428.657487767316
5030.93179854585 460.593310270108
5039.42848526699 506.885603439506
5051.44104235528 535.305555574936
5076.34512412356 612.361714458074
5084.25583244997 641.660634185397
5091.58056238164 682.679121803856
5078.98202689903 723.697609422107
5082.79088646355 716.95885788475
5079.86099449071 708.462171163816
5088.65067040881 725.162555408525
5088.65067040881 728.678425775887
5166.8787860812 887.185581501003
5166.8787860812 887.185581501003
5176.54742959098 917.656458017377
5199.10759778115 999.693433254087
5170.10166725099 970.687502724132
5144.31861789103 882.49775434459
5127.61823364653 803.683660277874
5123.80937408159 750.945604768694
5122.34442809559 734.83119891851
5137.87285555104 759.442291489628
5148.71345584987 776.435664931496
5193.2478138359 885.427646317426
5204.38140333209 908.866782099284
5191.78286784948 910.624717282861
5167.17177527816 888.357538290054
5163.36291571363 848.803996658013
5165.70682929215 834.447525991615
5170.10166725099 832.103612413512
5172.73857002646 832.103612413512
5178.0123755774 849.09698585538
5190.31792186306 868.141283678191
5212.58510085587 922.34428517379
5222.83972276038 950.764237309428
5235.73124744036 996.763541281459
5243.05597737245 1017.27278509069
5233.68032305963 1024.59751502236
5219.90983078754 1043.64181284517
5311.90843873161 1234.37778027066
5338.57045568367 1285.35790059626
5342.9652936425 1319.34464748
5333.88262852705 1358.89818911204
5363.18154825458 1426.28570448498
5399.80519791378 1490.7433278853
5424.12330128774 1552.27105931278
5451.95727502844 1626.98330461761
5352.92692635007 2753.23377893854
5351.46198036365 2896.21250720821
5359.66567788742 3061.75140366784
5360.54464547911 3124.74408108174
5390.42954360095 3408.0646348456
5404.20003587304 3515.29868104796
5502.64440615709 4127.64610335035
5521.68870397969 4221.98862487251
5549.22968852344 4354.71273123767
5566.80904036004 4440.85155523626
5835.18714506277 5638.0054152973
5858.62628084463 5720.04239053401
5858.62628084463 5720.04239053401
5892.90601692573 5853.35247529369
5892.90601692573 5853.35247529369
5921.61895825853 5965.86032704677
5921.61895825853 5965.86032704677
4825.83936045438 -262.211039404631
4826.4253388487 -261.332071812738
4826.4253388487 -258.695169037269
4827.30430644038 -255.765277064432
4827.01131724343 -255.765277064432
4827.30430644038 -254.300331078222
4832.87110118869 -252.835385091804
4826.4253388487 -252.542395894437
4827.01131724343 -252.835385091804
4827.01131724343 -252.835385091804
4827.30430644038 -252.542395894437
4827.30430644038 -252.835385091804
4827.89028483512 -252.835385091804
4829.35523082153 -254.886309472748
4828.47626322985 -254.886309472748
4828.47626322985 -254.886309472748
4827.89028483512 -254.886309472748
4825.83936045438 -254.300331078222
4825.83936045438 -254.300331078222
4824.96039286228 -254.300331078222
4825.54637125701 -254.300331078222
4825.54637125701 -254.300331078222
4825.83936045438 -254.300331078222
4824.37441446796 -254.300331078222
4824.37441446796 -254.300331078222
4824.37441446796 -254.300331078222
4824.37441446796 -254.300331078222
4824.37441446796 -254.300331078222
4824.37441446796 -254.300331078222
4824.37441446796 -254.300331078222
4824.37441446796 -254.886309472748
4824.96039286228 -254.886309472748
4825.54637125701 -254.886309472748
4825.54637125701 -254.886309472748
4825.83936045438 -254.886309472748
4825.54637125701 -254.886309472748
4825.54637125701 -254.886309472748
4825.83936045438 -254.886309472748
4825.83936045438 -254.886309472748
4825.83936045438 -254.886309472748
4825.54637125701 -254.886309472748
4825.54637125701 -254.886309472748
4825.54637125701 -254.886309472748
4825.54637125701 -255.472287867274
4824.96039286228 -255.472287867274
4825.83936045438 -255.472287867274
4826.4253388487 -255.472287867274
4826.4253388487 -255.472287867274
4827.01131724343 -255.472287867274
4827.89028483512 -254.007341880855
4827.30430644038 -251.956417499912
4827.89028483512 -259.281147431794
4827.30430644038 -258.695169037269
4827.30430644038 -258.695169037269
4826.4253388487 -257.23022305085
4826.4253388487 -256.937233853692
4827.01131724343 -256.937233853692
4828.47626322985 -258.402179839902
4827.89028483512 -257.816201445376
4827.89028483512 -257.23022305085
4828.47626322985 -257.23022305085
4827.89028483512 -255.472287867274
4827.89028483512 -255.472287867274
4827.30430644038 -255.765277064432
4827.01131724343 -255.765277064432
4827.01131724343 -255.765277064432
4825.83936045438 -255.472287867274
4827.01131724343 -256.937233853692
4827.01131724343 -258.402179839902
4827.01131724343 -258.402179839902
4827.01131724343 -257.23022305085
4827.01131724343 -257.23022305085
4825.83936045438 -254.886309472748
4826.4253388487 -257.23022305085
4826.4253388487 -259.281147431794
4826.4253388487 -259.281147431794
4827.30430644038 -256.937233853692
4827.01131724343 -257.23022305085
4824.37441446796 -261.332071812738
4824.37441446796 -261.332071812738
4824.37441446796 -261.332071812738
4824.37441446796 -261.332071812738
4836.09398235889 -243.752719976345
4824.96039286228 -259.281147431794
4825.54637125701 -258.695169037269
4825.54637125701 -258.402179839902
4825.54637125701 -257.816201445376
4824.96039286228 -254.886309472748
4824.96039286228 -255.472287867274
4825.54637125701 -256.351255459166
4825.54637125701 -256.937233853692
4825.83936045438 -259.281147431794
4825.83936045438 -259.86712582632
4825.83936045438 -258.695169037269
4825.83936045438 -258.695169037269
4825.83936045438 -259.86712582632
4825.83936045438 -259.281147431794
4825.83936045438 -259.281147431794
4827.01131724343 -258.402179839902
4827.01131724343 -258.402179839902
4829.94120921585 -254.886309472748
4831.69914439964 -244.045709173503
4834.33604717511 -243.166741581819
4843.41871229057 -242.580763187293
4845.46963667172 -240.822828003508
4872.42464282073 -238.771903622565
4874.18257800452 -235.842011649936
4868.90877245358 -98.1370889312093
4856.31023697055 162.623296642688
4849.27849623624 290.952565048589
4855.1382801815 293.589467824058
4862.46301011359 293.882457021425
4863.92795610001 297.398327388579
4860.99806412717 340.760728585141
4865.09991288906 344.276598952503
4927.50661190822 343.39763136061
5169.22269965931 350.136382897967
5169.22269965931 350.136382897967
5423.53732289301 353.652253265121
5429.983085233 353.652253265121
5432.03400961373 354.531220857013
5433.79194479752 357.46111282985
5433.49895560015 429.243466161841
5429.983085233 560.502626540578
5416.21259296133 893.631343840993
5416.21259296133 945.783420955856
5418.8494957368 949.299291323009
5413.28270098849 949.299291323009
5408.88786302924 1082.02339768816
5405.9579710564 1084.07432206911
5404.49302506999 1086.41823564721
5411.52476580471 1102.53264149739
5402.14911149188 1488.98539270151
5397.75427353305 1570.4363895437
5391.30851119306 1718.39593416715
5388.96459761454 1808.34361773006
5388.96459761454 1808.34361773006
5393.94541396853 1811.56649890026
5393.94541396853 1811.56649890026
5403.02807908398 1812.15247729479
5403.02807908398 1812.15247729479
5574.42675948908 1813.617423281
5410.05981981829 1050.38056438253
5408.59487383187 1047.4506724099
5414.45465777755 900.077106180983
5415.91960376396 840.893288331813
5417.38454975038 814.524260577119
5418.8494957368 758.856313095102
5419.72846332849 756.512399516792
5422.07237690659 751.53158316322
5424.70927968206 580.718881152441
5423.24433369564 579.253935166023
5429.983085233 455.612493916536
5429.983085233 452.096623549174
5429.39710683826 450.631677562964
5432.03400961373 396.135686869998
5429.983085233 386.174054162646
5430.56906362773 360.976983197003
5431.44803121941 359.512037210585
5455.47314539601 -151.461122834915
5455.47314539601 -160.250798753216
5461.33292934126 -274.809574887244
5465.14178890578 -374.425901960348
5463.67684291937 -418.081292354277
5459.28200496053 -428.628903456154
5462.21189693295 -462.908639537257
5461.33292934126 -475.50717501987
5461.33292934126 -475.50717501987
5461.33292934126 -481.366958965335
5458.40303736843 -483.417883346278
5400.09818711115 -487.812721305533
5397.75427353305 -485.761796924589
5396.28932754663 -481.366958965335
5388.37861922022 -394.935145769578
5392.77345717906 -393.177210586001
5460.74695094694 -392.591232191475
5463.67684291937 -396.986070150521
5467.19271328694 -431.558795428783
5470.41559445672 -480.48799137365
5478.32630278313 -484.882829332697
5480.67021636123 -488.398699700059
5486.23701110954 -491.328591672687
5495.02668702763 -492.207559264579
5623.94193382827 -492.207559264579
5621.3050310528 -486.93375371364
5717.69847695611 -485.468807727222
5724.43722849347 -489.277667291743
5733.22690441156 -509.200932706447
5731.17598003041 -594.75377831052
5725.02320688779 -601.19954065051
5678.43792452144 -604.129432623138
5679.60988131049 -605.594378609556
5686.93461124216 -605.00840021503
5731.76195842514 -610.282205765969
5734.69185039798 -616.727968105959
5756.66604019342 -634.893298336878
5804.13029015187 -649.83574739801
5805.00925774356 -655.695531343475
5807.06018212471 -665.071185656093
5809.99007409713 -672.395915587976
5815.26387964807 -689.389289029843
5817.60779322658 -694.956083778149
5810.86904168923 -697.885975750777
5735.2778287923 -699.643910934562
5723.55826090137 -699.643910934562
5581.4585002238 -708.140597655496
5581.4585002238 -708.140597655496
5576.47768386982 -711.070489628124
5576.47768386982 -711.070489628124
5575.59871627813 -715.758316784538
5575.59871627813 -715.758316784538
5579.40757584265 -734.509625409982
5580.87252182907 -740.369409355655
5583.21643540717 -778.750994198437
5582.33746781549 -778.750994198437
5576.47768386982 -778.750994198437
5495.90565461973 -785.782734932953
5492.38978425216 -781.387896973906
5492.09679505521 -755.018869219212
5471.00157285146 -747.108160892804
5492.38978425216 -722.790057519053
5486.53000030691 -621.708784459531
5493.56174104163 -619.657860078796
5578.82159744834 -616.727968105959
5597.57290607357 -616.141989711434
5809.99007409713 -610.868184160495
5818.1937716209 -616.141989711434
5820.24469600205 -624.638676432367
5817.31480402922 -631.377427969724
5810.28306329449 -636.651233520663
5800.6144197843 -638.702157901607
5791.23876547189 -637.823190309715
5772.7804460436 -630.498460377832
5754.32212661532 -615.263022119541
5744.94647230249 -596.804702691255
5676.97297853502 363.90687516984
5679.90287050786 511.280441398552
5688.69254642595 530.324739221364
5689.864503215 549.955015438701
5700.41211431688 556.107788581532
5810.86904168923 567.534367275094
6062.25377295009 566.948388880569
6062.83975134482 563.432518513415
6063.71871893651 537.063490758721
6018.01240416184 566.948388880569
6048.19029148106 538.528436745139
6064.89067572556 547.318112663231
6064.89067572556 567.534367275094
6068.69953529008 567.827356472461
6149.27156454058 568.999313261512
6152.201456513 566.069421288884
6152.78743490773 440.377055658245
6148.68558614585 438.033142080142
6136.08705066323 438.619120474668
6133.74313708513 438.912109671827
6130.81324511229 438.912109671827
6119.38666641832 440.377055658245
5969.96217580866 440.377055658245
5947.69499681585 473.777824147455
5961.7584782853 435.982217699198
5879.72150304838 433.052325726362
5877.67057866765 433.052325726362
5871.51780552461 435.103250107306
5843.97682098086 435.982217699198
5842.51187499486 427.778520175423
5843.68383178391 418.402865862805
5843.68383178391 418.402865862805
5843.68383178391 418.402865862805
5843.68383178391 418.402865862805
5843.68383178391 418.402865862805
5843.68383178391 418.402865862805
5842.51187499486 355.117199251539
5837.82404783824 353.945242462488
5706.27189826214 354.531220857013
5703.04901709235 355.996166843432
5682.83276248028 363.320896775314
5660.85857268484 359.805026407952
5641.81427486223 350.136382897967
5452.83624262054 348.085458517023
5440.23770713751 344.862577347028
5434.96390158657 340.467739387982
5432.03400961373 334.900944639676
5431.44803121941 285.67875949765
5429.10411764131 285.67875949765
5424.12330128774 286.264737892175
5363.47453745194 295.054413810476
5357.3217643089 294.468435415951
5310.73648194255 290.073597456696
5307.80658996972 289.194629865012
5307.80658996972 289.194629865012
5300.48186003804 288.608651470486
5284.9534325826 287.729683878594
5280.55859462334 287.729683878594
5194.7127598219 289.194629865012
5189.14596507401 289.48761906217
5185.33710550949 288.608651470486
5180.94226755024 289.48761906217
5177.42639718308 341.932685374192
5175.6684619993 349.257415306075
5169.22269965931 352.48029647607
5158.9680777548 352.187307278911
5158.9680777548 352.187307278911
4960.61439120027 347.792469319656
4960.32140200291 349.257415306075
4960.32140200291 349.257415306075
4953.28966126818 347.792469319656
4943.03503936367 346.620512530605
4573.57566160142 347.792469319656
4572.40370481237 346.620512530605
4103.62098917396 334.607955442309
4097.46821603134 336.072901428727
4076.95897222232 471.726899766511
4066.11837192307 605.036984526192
4066.99733951476 608.845844090712
4064.65342593665 611.482746866182
4055.27777162383 612.361714458074
3950.97361739452 609.431822485238
3901.45844305492 586.871654295273
3877.14033968137 582.183827138859
3873.33148011685 586.578665097906
3870.69457734138 617.342530811646
3871.2805557357 626.132206729947
3861.02593383119 775.84968653697
3852.82223630742 790.499146400527
3846.37647396743 857.007694181788
3837.58679804933 980.942124628643
3830.84804651198 1057.70529431441
3803.30706196823 1339.85389128923
3797.15428882561 1357.43324312562
3791.29450487994 1349.22954560184
3674.09882597065 1353.6243835611
3671.46192319518 1357.43324312562
3672.63387998423 1445.33000230779
3674.3918151676 1493.38023066077
3671.46192319518 1494.25919825245
3668.53203122234 1494.25919825245
3670.58295560307 1588.01574138009
3669.99697720876 1610.57590957027
3669.99697720876 1610.57590957027
3665.6021392495 1612.04085555668
3665.6021392495 1612.04085555668
3607.59027818918 1612.04085555668
3507.97395111607 1611.45487716216
3500.6492211844 1610.86889876763
3499.18427519798 1611.45487716216
3491.27356687157 1612.04085555668
3492.73851285799 1612.33384475384
3475.15916102139 1611.45487716216
3464.61154991951 1610.86889876763
3453.77094962068 1610.86889876763
3350.34576298264 1609.11096358385
3315.18705930985 1606.47406080838
3308.74129696987 1600.32128766576
3296.43575068462 1561.06073523087
3304.34645901103 1566.92051917655
3338.04021669739 1559.59578924466
3343.31402224833 1557.83785406088
3318.11695128269 1103.70459828645
3353.56864415285 1052.43148876348
3354.15462254758 1011.70599034238
3354.15462254758 1010.24104435596
3389.89930461468 685.609013776484
3360.89337408452 583.648773125278
3365.87419043851 534.133598785884
3362.35832007094 531.203706813256
3356.20554692831 531.203706813256
3343.31402224833 542.630285506818
3352.10369816643 546.439145071339
3464.02557152519 549.369037044175
3467.54144189235 544.388220690603
3467.54144189235 537.063490758721
3467.54144189235 537.063490758721
3472.81524744329 478.465651303868
3479.26100978328 478.172662106709
3554.26624428547 486.376359630276
3556.90314706094 485.497392038384
3555.73119027189 486.962338024802
3561.2979850202 489.306251603112
3575.36146648923 489.892229997638
3621.65375965862 492.236143575741
3625.7556084201 493.701089562159
3628.09952199861 499.560873507623
3624.58365163104 544.095231493236
3624.58365163104 548.78305864965
3623.70468403936 550.833983030593
3619.3098460801 553.177896608696
3610.52017016201 554.349853397747
3582.6861964209 551.419961425119
3430.91779223314 552.884907411537
3429.45284624672 554.642842595114
3428.86686785241 556.693766976058
3428.86686785241 556.693766976058
3428.86686785241 556.693766976058
3430.33181383841 555.814799384165
3422.42110551242 557.279745370583
3412.75246200222 563.432518513415
3386.96941264226 584.527740716962
3385.50446665584 593.317416635263
3394.5871317713 616.756552417121
3419.49121353958 618.221498403539
3473.69421503497 620.565411981641
3473.69421503497 620.565411981641
3473.69421503497 620.565411981641
3473.69421503497 620.565411981641
3473.69421503497 620.565411981641
3475.74513941612 617.635520009013
3477.21008540254 610.017800879972
3467.54144189235 551.419961425119
3462.56062553878 550.248004636068
3427.98790026031 552.884907411537
3376.12881234302 556.107788581532
3349.17380619359 560.502626540578
3354.15462254758 564.604475302466
3395.75908856035 312.63376564687
3480.72595576969 315.563657619498
3637.76816550839 313.512733238762
3731.23171943887 313.512733238762
3868.35066376328 319.958495578752
3975.87769916279 324.353333537799
4066.11837192307 328.162193102319
4083.11174536494 327.576214707794
4085.16266974568 322.302409156855
4081.64679937852 309.703873674033
4081.64679937852 309.117895279508
4088.09256171851 182.546562057184
4088.9715293102 182.546562057184
4091.60843208567 120.725841432544
4090.14348609925 119.260895446126
4096.8822376366 31.3641362639509
4091.02245369135 27.8482658965889
4019.24010035936 27.8482658965889
4016.89618678084 29.8991902775327
4013.96629480842 32.2431038556352
4013.38031641368 38.1028878013079
4008.10651086274 71.2106670931509
4004.00466210086 73.2615914740946
3665.6021392495 65.3508831476864
3525.55330295267 64.4719155557939
3307.86232937818 58.6121316103294
3301.41656703819 59.4910992022219
3299.07265346009 57.733164018645
3298.48667506535 54.8032720458087
3299.95162105177 28.7272334884815
3302.88151302461 26.9692983046964
3313.13613492912 -82.0226830810259
3317.53097288796 -96.6721429447911
3318.40994048006 -100.481002509312
3320.46086486079 -99.0160565228936
3325.44168121436 -98.7230673257349
3333.05940034382 -96.6721429447911
3393.7081641792 -96.0861645502655
3398.10300213846 -100.481002509312
3407.47865645128 -224.122443759007
3425.35099748484 -226.46635733711
3425.35099748484 -226.46635733711
3428.86686785241 -227.052335731636
3430.91779223314 -229.103260112579
3436.77757617881 -317.293008492121
3433.26170581124 -322.859803240219
3431.79675982483 -327.547630396632
3435.3126301924 -336.044317117566
3435.3126301924 -338.974209090402
3435.60561938935 -341.904101063031
3435.3126301924 -347.177906613969
3438.53551136218 -371.203020790353
3433.26170581124 -375.890847946766
3433.26170581124 -378.527750722236
3433.26170581124 -380.871664300546
3435.3126301924 -382.336610286756
3437.6565437705 -380.871664300546
3438.53551136218 -380.285685906021
3438.53551136218 -370.031064001302
3448.49714406974 -372.667966776771
3471.9362798516 -380.871664300546
3479.26100978328 -381.457642695072
3483.9488369399 -377.062804735817
3496.84036161988 -271.879682914616
3502.9931347625 -273.344628901034
3530.53411930625 -283.306261608178
3533.75700047645 -280.669358832708
3533.75700047645 -254.886309472748
3544.01162238096 -227.638314126161
3544.01162238096 -227.638314126161
3582.6861964209 -227.931303323528
3587.08103438015 -222.657497772589
3671.46192319518 -216.211735432599
3674.09882597065 -215.332767840707
3674.09882597065 -211.816897473345
3669.99697720876 -159.078841964165
3667.65306363066 -154.391014807751
3677.02871794307 -144.136392903241
3687.28333984799 -138.569598154935
3765.21846632261 -147.359274073236
3767.85536909808 -145.601338889451
3767.26939070376 -140.034544141353
3764.92547712524 -126.557041066639
3761.40960675809 -125.385084277588
3763.75352033619 -128.90095464495
3765.80444471734 -212.988854262604
3760.5306391664 -215.332767840707
3738.84943856791 -214.453800248814
3738.84943856791 -214.453800248814
3738.84943856791 -214.453800248814
3728.30182746604 -218.262659813543
3624.58365163104 -220.606573391646
3619.89582447484 -217.383692221651
3746.76014689432 381.486227006233
3754.67085522073 444.478904420132
3756.42879040452 444.478904420132
3748.81107127547 556.693766976058
3277.09846366423 555.22882098964
3261.27704701142 621.737368770901
3255.41726306616 643.71155856634
3245.74861955596 653.380202076326
3213.51980785602 669.494607926509
3202.3862183594 722.818641830423
3203.85116434582 728.678425775887
3174.55224461829 821.848990509001
3160.78175234663 831.22464482162
3052.96172774975 1164.06037292488
3019.56095926075 1188.67146549578
3013.70117531507 1191.0153790741
3007.54840217245 1191.0153790741
2930.78523248647 1190.1364114822
2930.19925409215 1194.53124944125
2935.76604884046 1220.90027719594
2935.76604884046 1221.19326639331
2936.64501643214 1224.12315836594
2943.96974636382 1231.44788829782
2937.52398402383 1225.58810435236
2933.71512445931 1220.90027719594
2931.3712108812 1204.78587134597
2927.26936211932 1205.66483893765
2925.8044161329 1203.32092535955
2926.97637292195 1195.99619542767
2930.19925409215 1193.3592926522
2982.64432040417 1193.3592926522
3012.23622932866 1193.06630345504
3048.85987898786 1164.06037292488
3103.06288048367 1061.22116468178
3149.64816285002 902.421019759294
3149.94115204738 900.37009537835
3182.75594214207 784.639362455063
3185.6858341149 781.709470482434
3214.10578625033 669.494607926509
3216.44969982885 664.22080237557
3249.26448992353 644.590526158233
3256.58921985521 634.335904253514
3286.18112877969 534.71957718041
3291.747923528 535.305555574936
3742.36530893548 555.22882098964
3840.51669002217 556.107788581532
3872.1595233278 554.642842595114
3875.67539369496 551.712950622278
3876.26137208969 544.388220690603
3874.21044770854 537.063490758721
3870.69457734138 533.2546311942
3879.48425325948 396.428676067157
3878.60528566779 394.963730080739
3879.19126406211 390.275902924534
3885.34403720515 328.748171496845
3898.23556188513 324.646322735165
4069.63424229023 333.435998653258
4071.09918827664 332.557031061574
4071.09918827664 332.557031061574
4195.03361872371 336.072901428727
4353.83376364577 340.760728585141
4472.4943885419 346.327523333446
4473.95933452831 345.155566544187
4557.46125575124 343.690620557977
4677.58682663378 345.155566544187
4679.0517726202 344.276598952503
4932.78041745916 339.881760993248
4933.36639585389 333.143009456099
4948.60183411198 164.96721022079
4986.98341895497 164.674221023632
4989.0343433357 160.572372261744
4991.96423530854 -68.2521908091532
4994.01515968927 -79.0927911083977
5003.09782480473 -84.3665966593366
5159.55405614911 -88.468445421016
5161.89796972722 -87.8824670264903
5194.7127598219 -87.8824670264903
5195.591727414 -93.1562725774292
5192.66183544117 -158.199874372272
5197.64265179474 -175.19324781414
5202.33047895136 -180.17406416792
5210.24118727777 -180.17406416792
5279.09364863692 -177.244172195084
5281.14457301807 -174.314280222455
5282.60951900408 -126.850030264006
5268.83902673241 -133.881770998522
5275.57777826977 -177.244172195084
5197.64265179474 -147.945252467761
5197.64265179474 -147.945252467761
5211.12015486945 -189.549718480538
5205.26037092378 -189.842707677905
5097.44034632732 -188.377761691487
5085.13480004165 -185.154880521492
5011.88750072324 -182.224988548864
5008.07864115872 -180.760042562446
4887.36709188186 -183.689934535074
4886.48812428976 -182.224988548864
4871.25268603168 -184.568902126966
4868.90877245358 -188.377761691487
4871.25268603168 -237.306957636355
4869.78774004526 -241.115817200875
4831.40615520227 -244.631687568029
4828.7692524268 -256.937233853692
4824.96039286228 -257.816201445376
4824.96039286228 -257.816201445376
4812.36185737967 -259.86712582632
4812.36185737967 -259.86712582632
4812.36185737967 -261.625061009897
4815.2917493525 -259.281147431794
4822.90946848155 -257.23022305085
4825.83936045438 -256.937233853692
4825.83936045438 -256.937233853692
4827.89028483512 -253.42136348633
4827.89028483512 -254.886309472748
4822.61647928418 -275.981531676503
4821.44452249513 -279.790391241024
4828.47626322985 -257.23022305085
4831.69914439964 -255.765277064432
4830.82017680795 -255.472287867274
4832.87110118869 -255.765277064432
4833.75006878079 -255.472287867274
4833.75006878079 -255.472287867274
4827.01131724343 -257.816201445376
4828.7692524268 -254.300331078222
4830.23419841322 -243.166741581819
4832.87110118869 -241.701795595401
4846.05561506604 -243.166741581819
4873.30361041241 -240.822828003508
4874.76855639883 -236.720979241621
4872.7176320181 -195.409502426003
4872.42464282073 -192.479610453375
4870.37371843999 -96.0861645502655
4876.23350238525 -95.207196958373
4942.15607177199 -94.6212185638473
4942.15607177199 -94.6212185638473
4996.94505166211 -88.468445421016
5000.16793283231 -85.8315426457547
5001.33988962137 -81.1437154893415
4988.44836494139 166.139167009842
4984.05352698213 168.483080588152
4945.08596374482 170.534004969096
4943.03503936367 176.393788914561
4926.0416659218 550.248004636068
4918.71693599013 785.225340849588
4922.52579555465 789.034200414317
4928.09259030295 794.600995162415
4926.9206335139 813.059314590701
4915.78704401729 879.567862371962
4911.39220605804 1087.59019243626
4911.39220605804 1087.59019243626
4906.9973680992 1183.10467074769
4906.1184005071 1184.27662753674
4749.66216916314 1221.19326639331
4742.33743923105 1370.61775700297
4739.11455806126 1372.66868138391
4736.47765528579 1340.43986968375
4759.03782347596 1214.45451485595
4825.83936045438 1191.0153790741
4901.72356254826 1185.15559512863
4904.6534545211 1181.63972476127
4907.87633569088 1161.71645934656
4909.04829247994 1106.63449025907
4908.46231408562 1103.11861989192
4914.32209803087 1096.37986835456
4998.40999764853 1098.72378193267
5604.31165761093 1107.51345785097
5605.19062520261 1107.51345785097
5705.39293067045 1116.88911216379
5706.27189826214 1110.4433498238
5697.18923314668 887.771559895529
5728.83206645231 823.313936495211
5736.74277477872 820.384044522583
5931.58059096609 764.130118646041
5978.75185172717 734.83119891851
5981.68174369959 732.487285340408
5987.54152764526 731.608317748515
6056.97996739915 727.213479789469
6059.90985937199 691.468797721949
5983.73266808074 657.77504003558
5983.14668968601 600.05616817262
5985.19761406716 597.712254594309
5982.26772209432 578.667956771498
5979.33783012149 576.324043193395
5974.35701376791 575.152086404344
5841.04692900844 572.808172826033
5739.67266675155 570.757248445089
5691.62243839879 570.757248445089
5663.78846465767 578.667956771498
5650.31096158296 577.203010785287
5626.28584740637 571.343226839615
5443.75357750508 567.534367275094
5442.58162071561 567.534367275094
5442.58162071561 567.534367275094
5437.8937935594 566.948388880569
5437.8937935594 566.948388880569
5432.91297720583 566.362410486043
5429.39710683826 563.139529316048
5428.51813924658 556.693766976058
5433.79194479752 436.568196093724
5431.44803121941 359.512037210585
5438.77276115109 188.406346002648
5435.84286917867 187.527378410964
5371.38524577835 187.527378410964
5355.27083992817 186.648410819071
5336.81252049988 187.527378410964
5263.56522118147 188.992324397174
5262.39326439242 204.520751852832
5260.63532920864 205.692708641883
5252.72462088223 205.692708641883
5187.68101908759 206.571676233775
5184.45813791739 205.692708641883
5181.82123514192 200.125913893577
5184.45813791739 157.642480288908
5180.06329995855 160.279383064377
5187.38802989023 90.840943310488
5187.38802989023 80.0003430114516
5188.85297587664 77.6564294331409
5193.54080303285 76.1914834467228
5431.44803121941 77.6564294331409
5432.03400961373 77.6564294331409
5606.36258199208 77.0704510386153
5625.69986901205 74.7265374605128
5666.42536743314 74.1405590659872
5673.1641189705 69.7457211067327
5676.67998933765 63.0069695695839
5745.53245069681 -621.708784459531
5766.04169450625 -635.772265928771
5950.62488878869 -689.975267424369
5960.8795106932 -708.433586852655
6002.19098750903 -1123.59927938978
5996.33120356335 -1127.11514975714
5984.31864647506 -1126.52917136262
5978.75185172717 -1121.25536581168
5976.40793814865 -1093.71438126793
5981.68174369959 -1089.02655411152
5991.64337640715 -1087.85459732247
6467.75082197723 -1096.64427324056
6453.98032970515 -1560.15318332803
6425.56037756972 -1594.72590860629
6393.33156586977 -1622.55988234719
6405.63711215501 -1631.34955826549
6601.9398743288 -1768.76149178706
6602.52585272312 -1776.3792109161
6587.29041446504 -1850.21248862904
6580.55166292768 -1851.09145622093
6553.59665677825 -1852.55640220735
6550.0807864111 -1853.14238060188
6421.7515180052 -1872.18667842469
6405.63711215501 -1870.72173243827
6356.4149270132 -1855.19330498282
6192.63396573714 -1854.02134819377
6191.75499814504 -1857.53721856092
6237.16832372276 -1952.75870767498
6243.90707526011 -1956.5675672395
6248.88789161369 -1960.66941600139
6249.76685920537 -1966.82218914422
6262.65838388535 -2110.09390661104
6308.36469866001 -2205.3153957251
6308.95067705475 -2206.78034171152
6311.00160143548 -2208.24528769773
6313.93149340832 -2207.6593093032
6306.89975267401 -2195.06077382059
6258.55653512346 -2070.83335417637
6248.00892402158 -2003.44583880342
6243.90707526011 -2005.49676318437
6110.59699050022 -2011.94252552436
6108.25307692212 -2009.89160114341
6107.66709852739 -2007.84067676247
6105.90916334402 -1984.40154098061
6100.34236859571 -1982.93659499419
5818.77975001564 -1978.54175703515
5817.31480402922 -1975.31887586515
5810.86904168923 -1850.21248862904
5807.93914971639 -1833.21911518717
5802.66534416545 -1831.16819080623
5638.0054152973 -1840.83683431642
5102.42116268089 -1887.42211668298
5093.92447595975 -1889.18005186655
5093.04550836806 -1889.76603026108
5089.52963800091 -1898.55570617938
5089.23664880354 -1937.52326941669
5090.11561639523 -1941.03913978405
5102.71415187825 -2154.3352753995
5106.23002224541 -2154.92125379402
5109.74589261256 -2154.3352753995
5112.08980619066 -2154.3352753995
5126.15328766011 -2153.45630780761
5151.64334782271 -2154.92125379402
5151.64334782271 -2154.92125379402
5155.15921819028 -2160.78103773949
5155.15921819028 -2203.26447134416
5153.69427220386 -2204.72941733058
5153.98726140081 -2211.46816886793
5153.69427220386 -2215.57001762961
5151.05736942839 -2216.4489852215
5142.26769350988 -2217.91393120792
5112.08980619066 -2217.03496361603
5111.21083859898 -2214.1050716434
5106.81600063972 -2200.33457937153
5107.10898983709 -2179.23935716777
5100.95621669447 -1991.43328171513
5100.95621669447 -1991.43328171513
5095.0964327488 -1900.02065216559
5098.319313919 -1897.67673858749
5299.01691405163 -1890.64499785297
5313.37338471802 -1887.42211668298
5326.55789859537 -1884.78521390751
5328.31583377916 -1882.4413003292
5326.85088779274 -1869.25678645185
5292.864140909 -1111.29373310433
5592.59208972 -1098.6951976215
5581.4585002238 -945.754836644486
5550.10865611512 -904.443359828868
5556.84740765248 -902.392435448132
5614.56627951544 -900.341511067189
5538.97506661893 -899.462543475296
5506.16027652424 -821.820406197632
6306.89975267401 -823.871330578576
6308.95067705475 -821.234427803106
6311.88056902758 -820.355460211422
6313.93149340832 -816.546600646693
6317.74035297284 -727.184895478308
6320.08426655094 -722.790057519053
6319.79127735399 -665.950153247986
6316.27540698642 -663.020261275149
6153.66640249942 -658.332434118944
6152.201456513 -651.30069338422
6150.736510527 -651.30069338422
6084.22796274553 -654.230585357057
6082.47002756216 -649.83574739801
6078.36817880027 -604.129432623138
6076.90323281385 -600.027583861458
6071.62942726292 -599.734594664091
5993.10832239357 -610.282205765969
5991.05739801242 -614.677043725015
5996.0382143664 -664.192218064409
5996.0382143664 -664.192218064409
6001.89799831166 -671.80993719345
6001.31201991693 -703.159781301716
5999.26109553619 -732.458701029247
6010.98066342712 -771.133275069395
6014.49653379427 -777.286048212019
6013.61756620259 -773.477188647498
6016.54745817543 -781.387896973906
6015.08251218901 -813.909697871224
6013.03158780827 -814.495676265957
6006.29283627092 -814.495676265957
5999.84707393093 -818.890514225004
6305.14181749023 -826.801222551412
6456.32424328367 -828.26616853783
6804.10242044743 -829.145136129514
6807.91128001237 -826.215244156886
6808.49725840669 -823.871330578576
6810.54818278784 -818.890514225004
6815.82198833878 -753.553923232794
6902.83977992885 -758.827728783733
6904.30472591527 -759.413707178466
6902.25380153453 -760.878653164676
6900.78885554811 -825.629265762361
6900.20287715338 -826.215244156886
6900.20287715338 -826.215244156886
6895.51504999718 -825.336276564994
6895.51504999718 -825.336276564994
6720.01452083019 -824.750298170468
6718.25658564641 -824.750298170468
6712.39680170074 -824.750298170468
6488.26006578625 -818.890514225004
6483.86522782741 -810.686816701229
6424.68140997803 -456.1698879999
5964.68837025772 -526.78028454284
5959.70755390415 -522.97142497832
5956.48467273436 -418.081292354277
5911.36433635402 -432.144773823308
5911.36433635402 -433.609719809726
5900.23074685782 -452.068039238012
5875.91264348386 -452.654017632538
5873.27574070839 -454.118963618956
5874.44769749744 -456.1698879999
5869.46688114387 -457.048855591792
5817.60779322658 -458.513801578002
5816.72882563448 -457.927823183477
5764.57674851983 -442.985374122553
5747.29038588059 -443.864341714445
5739.08668835682 -449.72412565991
5728.83206645231 -454.997931210849
5729.41804484704 -454.997931210849
5742.60255872439 -461.443693550839
5749.92728865606 -429.800860245206
5751.39223464248 -392.005253796949
5749.34131026175 -389.661340218639
5697.48222234404 63.5929479641095
5701.58407110593 72.3826238822021
5706.85787665687 80.5863214059773
5703.34200628971 85.8601269569161
5688.69254642595 91.4269217050137
5679.90287050786 88.7900189295442
5665.25341064409 83.5162133786054
5660.85857268484 79.7073538140847
5656.46373472558 75.6055050521972
5647.67405880749 74.7265374605128
5624.23492302563 76.1914834467228
5619.54709586943 78.2424078276666
5613.10133352902 79.1213754195591
5613.10133352902 79.1213754195591
5609.58546316187 82.9302349840798
5609.58546316187 82.9302349840798
5611.63638754302 168.483080588152
5605.77660359735 169.948026574362
5591.71312212831 168.483080588152
5591.71312212831 168.483080588152
5588.78323015548 168.483080588152
5548.64371012912 173.463896941724
5548.05773173439 174.342864533617
5522.86066076874 173.756886139091
5487.99494629332 170.534004969096
5487.70195709596 174.928842928142
5489.16690308237 167.897102193627
5489.16690308237 167.897102193627
5490.63184906879 164.96721022079
5517.29386602044 167.60411299626
5524.32560675516 171.412972560781
5525.79055274158 177.858734900771
5524.61859595253 222.686082083751
5529.01343391178 225.029995662061
5613.98030112112 216.240319743761
5613.98030112112 174.928842928142
5613.98030112112 173.756886139091
5618.08214988301 170.534004969096
5624.82090142037 169.948026574362
5674.04308656218 168.483080588152
5676.67998933765 162.623296642688
5691.62243839879 23.4534279375426
5673.75009736482 66.5228399367377
5667.30433502483 59.198110004855
5671.69917298408 58.0261532158038
5681.07482729691 56.5612072293856
5693.08738438479 57.1471856239112
5696.01727635762 57.733164018645
5704.80695227613 75.6055050521972
5704.80695227613 75.6055050521972
5722.09331491495 81.4652889976616
5863.02111880388 71.2106670931509
5865.95101077672 68.2807751205227
5867.41595676314 39.5678337875178
5875.91264348386 27.8482658965889
5958.24260791773 19.0585899784963
5959.41456470678 13.7847844275575
5961.17249989057 -45.3990334218209
5964.68837025772 -44.5200658301366
5972.01310018981 -41.8831630546672
6019.77033934521 -33.679465530892
6021.23528533163 -40.1252278708821
6022.70023131805 -113.3725271895
6023.28620971278 -115.716440767603
6024.16517730447 -117.181386754021
6027.68104767162 -117.767365148546
6040.27958315465 -117.767365148546
6041.74452914107 -117.181386754021
6039.98659395728 -117.767365148546
6040.27958315465 -136.811662971358
6039.98659395728 -138.569598154935
6040.27958315465 -236.720979241621
6040.27958315465 -237.89293603088
6041.74452914107 -243.752719976345
6051.70616184821 -244.631687568029
6150.15053213227 -242.287773989927
6151.32248892132 -248.440547132758
6150.736510527 -376.476826341292
6151.61547811868 -376.476826341292
6155.13134848584 -382.336610286756
6160.40515403678 -385.852480654118
6169.19482995528 -386.145469851485
6188.23912777789 -387.610415837695
6189.41108456694 -394.056178177893
6190.87603055336 -459.978747564421
6189.41108456694 -465.252553115359
6162.45607841793 -503.048159563616
6138.43096424134 -498.067343210044
6136.96601825492 -495.137451237207
6146.34167256774 -461.443693550839
6178.5704842677 -472.577283047242
6186.4811925941 -471.112337060824
6187.3601601862 -473.163261441768
6212.8502203488 -464.959563917992
6179.15646266243 -430.679827837098
6186.4811925941 -393.470199783159
6283.16762769479 -394.056178177893
6282.58164930005 -393.470199783159
6287.56246565363 -393.177210586001
6315.39643939474 -391.712264599583
6321.54921253736 -390.540307810531
6484.7441954191 -390.247318613164
6838.38215652853 -390.247318613164
6948.54609470352 -394.642156572419
6949.13207309825 -394.642156572419
6955.57783543824 -394.056178177893
6958.80071660844 -396.986070150521
6959.97267339749 -392.591232191475
6964.6605005537 -242.287773989927
6967.59039252653 -182.517977746022
6969.05533851295 -181.053031759604
6971.69224128842 -179.588085773394
6979.30996041746 -179.295096576027
7051.67829214419 -180.17406416792
7279.62388762319 -175.19324781414
7279.33089842583 -176.365204603191
7641.4655462564 -175.19324781414
7715.88480236387 -171.384388249619
7717.64273754765 -171.384388249619
7817.25906462076 -165.524604304155
7825.7557513419 -163.180690726052
7826.04874053885 -160.543787950583
7822.23988097433 -159.66482035869
7700.06338571105 -164.938625909629
7695.66854775221 -161.715744739634
7623.00722682812 -162.594712331318
7622.12825923644 -162.008733936793
7616.56146448813 -162.008733936793
7565.28835496516 -164.645636712262
7501.41670995958 -166.403571896047
7499.36578557842 -165.524604304155
7493.50600163317 -167.868517882257
7487.35322849055 -170.505420657727
7411.46902639625 -177.244172195084
7257.64969782775 -175.779226208665
6975.50110085294 -174.314280222455
6967.59039252653 -177.244172195084
6963.19555456728 -184.568902126966
6960.26566259444 -228.517281718054
6954.11288945182 -382.92258868149
6946.20218112541 -389.075361824113
6854.49656237872 -383.801556273174
6661.12369217776 -380.285685906021
6649.40412428684 -378.527750722236
6479.76337906553 -398.45101613694
6470.68071395007 -661.262326091572
6466.28587599081 -664.192218064409
6383.66292235958 -662.727272077991
6311.00160143548 -663.606239669883
6306.02078508191 -670.052002009873
6306.02078508191 -670.052002009873
6267.0532218446 -670.344991207032
6267.0532218446 -670.344991207032
6154.25238089415 -660.090369302521
6150.736510527 -656.281509738001
6146.34167256774 -652.765639370638
6081.00508157574 -651.30069338422
6078.95415719459 -655.402542146108
6082.76301675911 -655.402542146108
6147.22064015943 -655.402542146108
6152.201456513 -659.211401710629
6191.16901975073 -663.606239669883
6420.28657201878 -652.47265017348
6474.48957351459 -651.886671778746
6478.00544388174 -655.695531343475
6478.00544388174 -662.141293683465
6473.02462752817 -810.100838306703
6494.11984973192 -446.794233687073
6505.83941762285 -419.839227537854
6507.59735280664 -394.056178177893
6877.93569816057 -370.617042395827
6905.76967190169 -346.591928219444
8465.9371473854 -358.311496110373
8467.4020933714 -356.846550123955
8467.4020933714 -351.572744573016
8465.35116899067 -345.712960627551
8464.76519059593 -355.381604137745
8402.35849157677 -355.96758253227
8401.47952398508 -350.107798586806
8388.29501010774 -261.332071812738
8371.59462586324 -127.436008658532
8371.59462586324 -127.436008658532
8414.07805946769 -125.385084277588
8416.12898384885 -125.092095080429
9087.07424560588 -161.715744739634
9088.83218078967 -163.180690726052
9190.4994322435 -161.715744739634
9191.96437822992 -160.250798753216
9191.96437822992 -158.785852766798
9181.70975632541 -64.4433312446325
9184.05366990351 -60.0484932855862
9189.91345384919 -54.1887093401217
9189.91345384919 -28.4056599799532
9194.30829180803 -27.2337031909019
9329.66930094865 -27.8196815854276
9330.25527934339 -29.8706059663714
9328.20435496223 -32.2145195444739
9327.32538737055 -36.0233791089945
9326.1534305815 -37.195335898254
9304.76521918038 -35.7303899118358
9305.64418677206 -32.8004979389995
9310.03902473132 -31.3355519527895
9330.54826854034 -29.2846275718457
9330.54826854034 -27.2337031909019
9324.39549539771 -26.3547355990094
9223.60721153556 -25.7687572044838
9223.31422233819 -25.475768007325
9189.91345384919 -27.2337031909019
9189.03448625709 -31.3355519527895
9189.03448625709 -55.6536553265399
9180.24481033899 -66.4942556255763
9181.12377793068 -67.9592016119944
9182.5887239171 -72.6470287684077
9186.98356187635 -148.824220059446
9187.56954027067 -149.996176848705
9186.98356187635 -158.199874372272
9182.5887239171 -158.785852766798
9157.39165295145 -159.078841964165
8389.75995609415 -123.041170699485
8388.5879993051 -123.041170699485
8175.87784208418 -139.155576549461
7543.90014356445 -164.938625909629
7540.97025159162 -165.524604304155
7512.25731025882 -166.11058269868
7443.69783809662 -169.333463868675
7434.90816217852 -170.505420657727
7420.84468070908 -170.505420657727
7418.79375632834 -169.919442263201
7349.64830577182 -176.365204603191
7345.25346781256 -177.244172195084
7337.92873788089 -178.709118181502
7327.96710517333 -185.154880521492
7171.80386302631 -177.830150589609
6981.94686319293 -170.798409855094
6684.56282796004 -136.225684576832
6684.56282796004 -136.225684576832
6488.26006578625 -59.4625148910606
6490.01800097004 38.1028878013079
6474.48957351459 912.675641663805
6444.60467539274 946.369399350381
5755.201094207 1394.05689278482
4712.15955191183 1386.43917365578
4712.15955191183 1386.43917365578
4712.15955191183 1386.43917365578
4712.15955191183 1386.43917365578
4712.15955191183 1386.43917365578
4712.15955191183 1386.43917365578
4712.15955191183 1386.43917365578
4703.36987599374 1384.38824927484
4671.7270426881 1382.92330328842
4561.27011531576 1379.1144437239
3674.3918151676 1358.89818911204
3669.70398801139 1363.00003787372
3669.70398801139 1368.85982181939
3672.04790158949 1597.39139569292
3669.70398801139 1609.98993117574
3663.2582256714 1612.33384475384
3574.77548809449 1614.38476913479
3574.48249889754 1618.19362869931
3573.89652050281 1677.37744654869
3568.91570414924 1677.37744654869
3558.66108224473 1706.67636627601
3560.12602823114 1709.02027985432
3560.71200662546 1719.86088015336
3565.10684458472 1759.4144217854
3664.13719326309 1763.80925974444
3664.72317165782 1763.80925974444
3770.78526107091 1766.73915171728
3869.22963135497 1765.27420573086
3882.12115603495 1752.08969185351
3898.23556188513 1728.65055607166
3987.89025625067 1724.84169650714
4001.07477012802 1727.18561008524
4008.39950006011 1725.72066409882
4014.8452624001 1720.73984774525
4019.24010035936 1717.80995577241
4025.09988430461 1716.3450097862
4096.8822376366 1718.98191256167
4101.27707559586 1714.58707460242
4123.83724378603 1628.15526140666
4134.09186569054 1629.03422899855
4071.09918827664 1896.24037691223
4083.11174536494 1912.64777195957
4099.81212960944 1922.90239386429
4135.84980087433 1929.93413459881
4931.02248227538 1952.78729198614
4936.88226622105 1947.80647563257
4933.36639585389 1941.06772409521
4911.39220605804 1925.83228583692
4902.60253013995 1924.95331824524
4900.25861656184 1927.29723182334
4898.79367057543 1957.76810833992
4900.25861656184 2051.81764066472
4899.67263816711 2053.86856504566
4900.25861656184 2056.7984570185
4902.01655174563 2057.38443541302
4908.46231408562 2137.37048626879
4906.1184005071 2142.64429181973
4910.80622766372 2145.2811945952
4959.73542360859 2148.5040757652
4904.6534545211 2142.35130262236
4899.08665977279 2139.71439984689
4897.62171378637 2133.85461590143
4889.4180162626 1623.76042344761
4888.53904867091 1624.05341264477
4887.36709188186 1576.88215188369
4881.21431873882 1573.95225991106
4737.64961207484 1571.31535713559
4734.719720102 1571.31535713559
4726.80901177559 1568.97144355728
4723.87911980276 1564.57660559824
4725.93004418391 1542.6024158028
4727.39499017033 1533.22676148997
4728.85993615675 1521.50719359904
4731.20384973485 1510.95958249716
4731.20384973485 1510.95958249716
4729.1529253537 1483.12560875605
4733.54776331295 1410.17129863501
4731.78982812917 1408.70635264859
4732.66879572127 1385.26721686652
4728.85993615675 1382.33732489389
4475.7172697121 1375.59857335654
4468.97851817474 1377.94248693485
4465.46264780717 1382.92330328842
4468.97851817474 1387.90411964199
4477.76819409284 1389.36906562841
4509.41102739847 1388.78308723388
4513.80586535731 1385.26721686652
4515.85678973846 1376.18455175106
4529.92027120749 1118.35405815
4531.97119558864 1115.42416617737
4538.709947126 804.855617066925
4534.02211996938 804.855617066925
3769.61330428186 771.454848577715
3383.45354227469 644.590526158233
3370.85500679208 629.355087899942
3367.33913642493 610.31079007713
3373.78489876492 321.716430762329
3372.3199527785 319.958495578752
3367.33913642493 318.493549592334
3245.16264116165 316.44262521139
3041.24215985882 315.563657619498
3034.79639751883 310.582841265926
3035.38237591356 161.744329050795
-10000 -10000
-10000 -10000
3053.25471694711 52.7523476648649
3053.25471694711 52.7523476648649
3057.64955490637 49.2364772977112
3066.43923082446 47.4785421139261
3108.92266442934 45.4276177329823
3112.43853479649 40.4468013794104
3113.02451319081 -92.8632833802705
3118.88429713648 -94.6212185638473
3123.27913509574 -94.3282293666886
3125.03707027911 -93.7422509719548
3303.76048061629 -93.7422509719548
3304.34645901103 -92.8632833802705
3391.65723979847 -95.207196958373
3396.05207775772 -98.7230673257349
3397.51702374372 -111.907581203082
3396.05207775772 -350.107798586806
3385.79745585279 -375.890847946766
3389.89930461468 -379.406718314128
3397.51702374372 -385.266502259592
3409.82257002939 -617.313946500485
3400.44691571656 -648.077812214225
3377.0077799347 -670.344991207032
3356.20554692831 -678.841677927966
3198.87034799225 -699.643910934562
3178.94708257755 -718.688208757374
3170.45039585682 -745.643214906594
3086.94847463348 -2384.91777365397
3080.20972309613 -2690.50550641064
3088.4134206199 -2699.00219313158
3099.83999931346 -2703.69002028799
3116.83337275533 -2706.32692306346
3129.43190823836 -2703.69002028799
3158.73082796589 -2683.76675487328
3199.45632638657 -2658.27669471048
3236.07997604619 -2655.05381354049
4679.34476181714 -1242.84588268022
4649.75285289267 -1197.72554630008
4649.75285289267 -1196.8465787084
4648.28790690625 -1189.52184877652
6473.90359511985 -1188.0569027901
6473.90359511985 -1188.0569027901
4639.7912201851 -1119.20444143073
4635.39638222627 -1032.77262823498
4631.00154426701 -1030.72170385403
4589.98305664855 -1031.30768224856
4515.85678973846 -1034.82355261592
4485.67890241924 -1032.77262823498
4403.05594878801 -1034.23757422119
4391.33638089708 -1036.28849860213
4239.56797670932 -1037.75344458855
4234.58716035533 -1033.3586066295
4232.24324677723 -1026.03387669762
4229.31335480439 -961.576253297303
4227.84840881797 -952.78657737921
4227.84840881797 -952.78657737921
4227.26243042366 -951.321631392792
4222.28161407009 -944.875869052802
4216.42183012441 -942.824944671858
3939.25404950359 -940.481031093547
3937.20312512244 -939.016085107337
3934.85921154434 -935.500214739975
3932.80828716318 -930.226409189037
3931.9293195715 -786.075724130319
3933.39426555792 -787.247680919371
3933.39426555792 -782.852842960324
3928.99942759866 -662.141293683465
3929.87839519076 -657.746455724419
3929.29241679603 -654.230585357057
3928.41344920434 -646.905855425174
3923.43263285077 -641.632049874235
3916.69388131342 -639.288136296133
3840.51669002217 -643.096995860653
3499.18427519798 -645.147920241597
3463.14660393309 -626.396611615944
3421.54213792032 -578.05339406581
3413.33844039654 -553.149312297534
3406.89267805655 -379.992696708654
3406.89267805655 -379.992696708654
3412.75246200222 -375.597858749607
3412.75246200222 -375.597858749607
3419.19822434221 -371.203020790353
3419.19822434221 -371.203020790353
3419.19822434221 -363.878290858678
3419.19822434221 -363.878290858678
3416.56132156674 -248.440547132758
3418.02626755316 -236.720979241621
3417.73327835579 -230.861195296156
3422.42110551242 -227.931303323528
3467.83443108971 -226.46635733711
3497.13335081724 -226.46635733711
3500.06324278966 -229.396249309946
3499.18427519798 -242.580763187293
3498.3053076063 -243.166741581819
3512.95476746964 -248.147557935391
3499.77025359271 -277.73946686008
3491.27356687157 -278.911423649131
3445.86024129427 -280.669358832708
3438.53551136218 -283.599250805545
3435.60561938935 -288.580067159117
3438.53551136218 -361.827366477735
3439.70746815123 -362.706334069419
3439.70746815123 -362.706334069419
3440.0004573486 -366.808182831307
3440.0004573486 -366.808182831307
3440.0004573486 -381.457642695072
3452.89198202858 -365.343236844888
3461.68165794709 -370.031064001302
3477.79606379686 -378.527750722236
3482.48389095348 -378.527750722236
3485.12079372895 -376.476826341292
3485.12079372895 -376.476826341292
3485.12079372895 -376.476826341292
3485.12079372895 -376.476826341292
3499.18427519798 -279.204412846498
3507.38797272176 -277.446477662713
3535.22194646287 -275.395553281769
3535.80792485718 -267.484844955569
3536.68689244887 -227.052335731636
3541.66770880286 -223.536465364482
3600.85152665182 -222.071519378064
3602.60946183561 -222.071519378064
3609.64120257033 -219.141627405227
3615.50098651558 -211.816897473345
3640.40506828386 -152.926068821333
3645.09289544048 -100.188013312153
3644.79990624312 -99.0160565228936
3651.53865778047 61.5420235831657
3713.94535679964 196.317054329057
3737.3844925815 288.608651470486
3740.02139535697 308.238927687823
3755.54982281283 547.025123466073
3754.9638444181 553.763875003221
3753.20590923431 555.814799384165
3748.22509288074 556.693766976058
3626.6345760122 559.03768055416
3625.16963002578 564.01849690794
3611.3991377537 664.22080237557
3608.17625658391 664.513791572729
3607.00429979486 662.169877994626
3625.16963002578 555.22882098964
3630.15044637935 554.349853397747
3873.62446931422 555.814799384165
3877.72631807569 550.833983030593
3877.72631807569 550.833983030593
3878.60528566779 541.458328717767
3878.60528566779 541.458328717767
3885.05104800778 334.900944639676
3887.39496158589 328.748171496845
3892.37577793946 323.767355143273
3899.9934970685 322.302409156855
3998.1448781556 323.181376748747
4003.71167290349 317.028603605916
4006.05558648201 183.132540451709
4014.25928400537 28.7272334884815
4020.11906795104 24.9183739239608
4138.4867036498 28.7272334884815
4347.97397970052 21.1095143592319
4380.20279140047 17.0076655975525
4399.54007842085 18.1796223866038
4408.03676514158 19.6445683730219
4412.7245922982 24.0394063320682
4431.7688901208 40.4468013794104
4544.56973107125 46.8925637194005
4745.85330959861 52.7523476648649
4750.83412595219 47.771531311293
4757.57287748954 -83.487629067444
4762.84668304048 -183.689934535074
4763.4326614348 -191.893632058849
4767.24152099932 -258.695169037269
4768.70646698574 -259.281147431794
4771.34336976121 -259.281147431794
4776.03119691783 -259.281147431794
4795.07549474043 -259.281147431794
4797.7123975159 -257.816201445376
4802.10723547516 -258.402179839902
4810.31093299852 -258.695169037269
4813.82680336609 -259.281147431794
4826.4253388487 -257.816201445376
4828.7692524268 -258.402179839902
4828.7692524268 -258.402179839902
4828.7692524268 -258.402179839902
4828.7692524268 -258.402179839902
4828.47626322985 -257.816201445376
4828.7692524268 -254.300331078222
4830.23419841322 -245.510655159922
4832.87110118869 -243.752719976345
4840.48882031773 -242.580763187293
4873.30361041241 -241.701795595401
4875.35453479357 -239.35788201709
4873.30361041241 -191.307653664323
4869.78774004526 -98.1370889312093
4874.76855639883 -96.0861645502655
4876.81948077998 -96.0861645502655
4992.55021370327 -90.8123589993267
4991.37825691381 -92.8632833802705
4998.40999764853 -92.8632833802705
5006.6136951723 -92.8632833802705
5185.33710550949 -94.6212185638473
5187.68101908759 -99.6020349176274
5200.57254376757 -141.206500930404
5207.31129530493 -140.620522535879
5257.11945884148 -135.639706182307
5260.63532920864 -140.620522535879
5276.16375666409 -178.123139786976
5248.91576131771 -174.900258616981
5190.31792186306 -166.11058269868
5186.21607310118 -160.250798753216
5188.85297587664 68.8667535150483
5195.00574901927 73.2615914740946
5269.7179943241 76.1914834467228
5271.76891870525 76.7774618414566
5432.3269988111 77.6564294331409
5439.65172874319 77.6564294331409
5613.98030112112 64.4719155557939
5612.22236593734 -55.0676769318061
5614.56627951544 -61.5134392720044
5616.03122550186 -60.0484932855862
5615.44524710754 -57.9975689046424
5615.15225791017 -56.2396337210655
5597.57290607357 0.6002705502104
5490.63184906879 13.1988060328237
5467.19271328694 10.2689140601955
5449.02738305602 11.7338600466137
5447.5624370696 14.6637520192418
5443.75357750508 68.2807751205227
5444.63254509676 170.534004969096
5449.9063506477 172.291940152673
5464.2628213141 173.463896941724
5473.93146482429 174.342864533617
5523.15364996611 179.616670084556
5523.73962836084 186.941400016438
5523.73962836084 196.903032723582
5524.61859595253 196.317054329057
5524.61859595253 216.240319743761
5529.5994123061 219.756190111123
5541.31898019703 227.080920042797
5539.85403421061 233.526682382995
5533.11528267325 236.456574355623
5520.22375799327 235.870595961098
5517.29386602044 240.85141231467
5517.87984441517 323.767355143273
5519.34479040159 330.213117483263
5602.26073323019 372.989540285299
5607.24154958376 374.161497074351
5609.58546316187 370.645626706989
5615.44524710754 235.870595961098
5615.15225791017 230.010812015633
5613.10133352902 245.246250273924
5612.5153551347 245.246250273924
5615.15225791017 244.660271879399
5616.91019309396 245.539239471083
5613.98030112112 207.157654628301
5614.56627951544 195.731075934531
5613.10133352902 193.973140750954
5613.10133352902 174.342864533617
5611.05040914829 117.795949459708
5609.2924739645 94.6498028750087
5605.19062520261 91.4269217050137
5589.66219774716 87.0320837459674
5457.23108057937 82.6372457869211
5282.90250820144 79.7073538140847
5279.97261622861 78.5353970250335
5204.96738172683 79.1213754195591
5202.91645734568 80.0003430114516
4890.00399465733 79.7073538140847
4790.38766758423 77.6564294331409
4779.54706728498 74.1405590659872
4749.36917996577 55.6822396377013
4423.56519259703 40.4468013794104
4407.45078674726 24.3323955294352
4403.64192718233 21.4025035565988
4392.21534848876 19.9375575701807
4151.96420672409 28.7272334884815
4151.96420672409 28.7272334884815
4012.501348822 29.8991902775327
4011.91537042726 36.6379418148897
4010.45042444085 65.936861542212
4008.39950006011 66.5228399367377
4003.12569450917 70.3316995012583
3994.33601859108 71.2106670931509
3909.95512977606 69.7457211067327
3909.95512977606 71.2106670931509
3419.19822434221 63.5929479641095
3414.21740798864 67.9877859231558
3380.52365030186 475.242770133873
3388.72734782563 539.114415139664
3407.47865645128 557.572734567742
3406.89267805655 566.362410486043
3399.56794812488 573.394151220559
3375.54283394828 572.222194431507
3324.85570282005 552.298929017011
2296.46362038864 525.343922867792
2138.83543225521 576.324043193395
2111.0014585141 593.317416635263
2091.37118229676 611.775736063549
2055.33351103229 634.335904253514
2032.18736444738 943.439507377545
2030.72241846096 942.853528983019
2030.42942926401 946.955377744907
2001.42349873385 1125.67878808189
1986.77403887008 1106.04851186455
1989.70393084292 1101.6536739055
2006.99029348215 1040.71192087255
2009.33420706026 1031.92224495425
2011.38513144099 1027.82039619236
2023.10469933192 942.853528983019
2023.10469933192 942.853528983019
2016.65893699193 941.388582996601
2016.65893699193 941.388582996601
1856.39384608303 930.254993500198
1855.51487849135 935.235809853978
1853.46395411061 934.063853064719
1854.92890009661 932.598907078509
1860.78868404229 933.77086386756
1863.71857601512 934.063853064719
1866.35547879059 934.649831459452
1866.64846798796 939.630647813024
1842.91634300873 1127.43672326567
1849.06911615136 1131.83156122472
1972.71055740105 1184.27662753674
1993.80577960481 1200.39103338671
1994.68474719649 1206.54380652954
1951.6153351973 1423.06282331499
1918.50755590525 1446.50195909685
1804.82774736311 1525.60904236093
1788.12736311819 1560.76774603371
1720.73984774546 2035.41024561738
1623.46743425045 2138.83543225521
1611.74786635952 2193.03843375081
1608.52498518932 2184.24875783251
1619.65857468593 2112.46640450052
1615.84971512141 2111.58743690862
1532.34779389808 2123.30700479955
1530.29686951734 2120.67010202408
1534.10572908186 2119.20515603766
1560.47475683655 2118.91216684051
1621.12352067235 2109.53651252768
1624.93238023687 2107.19259894958
1726.59963169071 2013.43605582194
1763.80925974465 1730.99446964976
1776.993773622 1560.18176763919
1776.993773622 1560.18176763919
1775.82181683295 1555.78692968014
1770.54801128201 1556.37290807467
1735.38930760922 1555.78692968014
1720.73984774546 1551.39209172089
1709.89924744621 1548.46219974826
1645.14863484853 1543.48138339448
1641.63276448137 1539.67252382996
1646.61358083495 1409.87830943764
1655.40325675345 1369.73878941107
1649.54347280778 1366.80889743845
1588.89470897199 1360.36313509825
1588.30873057767 1358.01922152014
1599.73530927123 1314.65682032358
1601.20025525765 1311.14094995643
1626.39732622329 1252.54311050158
1637.23792652212 1236.42870465139
1639.28885090327 1226.76006114141
1642.51173207306 1222.36522318236
1645.14863484853 1219.43533120952
1646.90657003231 1220.31429880142
1646.90657003231 1223.83016916878
1633.4290669576 1245.21838056969
1631.37814257686 1242.28848859686
1624.93238023687 1250.49218612063
1596.21943890408 1330.18524777903
1596.21943890408 1332.23617215998
1593.87552532597 1333.11513975187
1591.82460094482 1332.23617215998
1594.16851452292 1333.99410734376
1590.3596549584 1357.14025392825
1595.63346050934 1360.94911349298
1654.81727835872 1367.39487583297
1659.21211631797 1368.85982181939
1660.67706230439 1372.66868138391
1648.07852682136 1544.9463293809
1655.40325675345 1546.99725376184
1776.993773622 1550.80611332636
1777.28676281937 1551.39209172089
1806.58568254648 1556.66589727183
1882.46988464036 1583.62090342105
2002.5954555229 1586.55079539388
2176.92402790083 1591.53161174746
2254.85915437586 1595.34047131198
2256.03111116492 1597.39139569292
2251.92926240303 1598.27036328481
2191.86647696196 1594.75449291745
2083.46047397035 1590.06666576104
2083.46047397035 1587.42976298557
2086.97634433792 1587.13677378841
2254.5661651785 1592.99655773387
2481.63279306582 1600.61427686291
2480.46083627677 1600.32128766576
2634.28016484526 1605.59509321669
2638.38201360715 1603.54416883575
2638.38201360715 1603.54416883575
2638.38201360715 1603.54416883575
2638.38201360715 1603.54416883575
2729.50165395953 1606.18107161122
2734.4824703131 1601.20025525744
2747.66698419045 1356.55427553373
2747.66698419045 1354.50335115278
2748.25296258476 1352.74541596921
2755.87068171422 1344.8347076428
2763.78139004063 1343.9557400509
2887.42283128991 1344.24872924827
3287.35308556874 1346.29965362922
3291.16194513368 1342.49079406469
3171.91534184282 -728.942830661885
3168.9854498704 -982.964464698425
3164.59061191115 -983.843432290109
3160.19577395189 -982.964464698425
3157.26588197947 -980.620551120114
3156.38691438737 -977.983648344645
3155.50794679569 -957.474404535623
3156.38691438737 -943.996901460909
3160.19577395189 -941.067009488281
3166.6415362923 -940.481031093547
3335.69630311929 -943.410923066384
3407.77164564865 -944.289890658276
3447.32518728069 -945.461847447328
3571.55260692471 -948.684728617323
3576.24043408091 -950.735652998266
3584.73712080205 -951.614620589951
3586.49505598542 -949.856685406374
3589.13195876089 -949.270707011848
3601.14451584919 -950.149674603741
3601.14451584919 -950.149674603741
3603.19544023034 -953.665544970894
3603.19544023034 -953.665544970894
3607.00429979486 -1012.84936282027
3607.00429979486 -1018.12316837121
3609.64120257033 -1113.34465748527
3616.37995410769 -1178.68124847727
3616.37995410769 -1182.19711884463
3618.43087848842 -1228.48941201382
3619.89582447484 -1231.41930398666
3623.11870564504 -1232.00528238118
3626.6345760122 -1232.00528238118
3619.3098460801 -1228.48941201382
3616.965932502 -1195.38163272198
3616.965932502 -1147.91738276353
3612.86408374012 -1042.1482825476
3611.10614855675 -956.595436943731
3614.91500812127 -953.665544970894
3612.57109454317 -950.735652998266
3607.00429979486 -947.80576102543
3597.9216346794 -947.219782630904
3507.09498352439 -969.779950821078
3220.84453778769 -934.621247148083
3217.03567822317 -930.226409189037
3215.86372143412 -881.883191638903
3210.58991588318 -880.418245652485
3181.87697455038 -875.437429298913
3182.16996374775 -776.99305901486
3175.43121221039 -687.924343043633
3173.96626622397 -673.274883179868
3176.31017980208 -668.880045220822
3197.99138040056 -666.536131642511
3202.67920755677 -671.516947996291
3193.59654244131 -695.249072975308
2607.61814789362 -707.554619260971
2597.65651518606 -585.964102392219
2599.70743956721 -584.499156405801
2607.91113709057 -581.569264433172
2614.94287782529 -581.569264433172
2615.23586702266 -584.499156405801
2615.23586702266 -586.550080786744
2613.77092103624 -583.913178011275
2599.12146117247 -579.518340052229
2597.65651518606 -578.05339406581
2599.12146117247 -419.839227537854
2602.05135314531 -417.495313959751
2734.4824703131 -415.444389578807
2737.99834068025 -410.170584027869
2727.15774038142 -404.89677847693
2598.82847197511 -404.89677847693
2596.19156919964 -401.380908109568
2595.89858000269 -392.005253796949
2594.72662321364 -311.433224546657
2587.98787167628 -309.675289362872
2123.01401560239 -290.63099154006
2088.44129032392 -281.841315621968
2079.65161440583 -280.669358832708
2020.1748073595 -261.625061009897
2020.1748073595 -261.625061009897
2165.49744920727 -299.420667458361
2232.88496458001 -303.815505417407
2235.81485655284 -304.108494614774
2250.46431641661 -306.159418995718
2250.46431641661 -306.159418995718
2250.46431641661 -306.159418995718
2372.05483328515 -308.210343376454
2383.48141197913 -307.624364981928
2391.68510950249 -307.624364981928
2391.68510950249 -307.624364981928
2521.18633469786 -309.968278560239
2639.84695959357 -312.898170532867
2646.58571113092 -313.484148927393
2653.03147347091 -315.535073308336
2675.29865246372 -314.070127322126
2677.34957684487 -313.484148927393
2677.34957684487 -313.484148927393
2677.34957684487 -313.484148927393
2677.34957684487 -313.484148927393
2677.34957684487 -313.484148927393
2688.1901771437 -314.363116519285
2694.04996108937 -315.828062505703
2713.97322650408 -313.484148927393
2748.25296258476 -311.14023534929
2761.43747646211 -308.210343376454
2765.83231442136 -311.433224546657
2780.48177428513 -352.451712164908
2688.1901771437 -213.281843459763
2759.38655208137 -359.483452899424
2765.83231442136 -364.757258450363
2773.45003355041 -365.636226042255
2900.02136677294 -397.865037742414
2907.93207509935 -405.775746068822
2918.47968620122 -423.355097905216
3023.95579721958 -423.355097905216
3028.93661357316 -426.870968272578
3027.47166758715 -432.730752218042
3003.15356421319 -530.296154910202
3001.68861822678 -538.206863236611
3004.61851019961 -538.206863236611
3006.3764453834 -532.347079291146
3029.52259196789 -432.730752218042
3074.93591754519 -249.026525527284
3074.93591754519 -245.217665962763
3064.97428483804 -97.2581213393168
3058.82151169542 -99.0160565228936
3058.82151169542 -101.066980903837
3069.07613359993 -258.402179839902
3067.61118761351 -264.261963785366
3065.56026323278 -288.580067159117
3063.21634965426 -295.025829499315
3063.21634965426 -296.783764682892
3031.86650554599 -411.635530014287
3022.19786203622 -414.565421986915
2862.51874952163 -407.826670449766
2861.34679273258 -407.240692055032
2807.14379123719 -413.979443592389
2803.33493167225 -412.514497605971
2798.06112612131 -412.221508408812
2793.08030976774 -416.616346367859
2785.75557983607 -421.011184326905
2784.29063384965 -429.21488185068
2782.82568786323 -457.048855591792
2782.82568786323 -457.048855591792
2778.43084990398 -459.392769169895
2756.45666010854 -459.978747564421
2755.57769251685 -462.322661142523
2754.99171412212 -464.959563917992
2757.04263850327 -472.284293849875
2759.38655208137 -479.902012979125
2766.71128201305 -508.90794350908
2786.34155823039 -531.175122502095
2783.70465545492 -536.155938855667
2766.12530361873 -543.480668787549
2756.45666010854 -553.149312297534
2747.08100579571 -553.73529069206
2742.39317863951 -552.856323100168
2738.87730827235 -551.684366311116
2736.8263838912 -551.684366311116
2714.85219409576 -552.856323100168
2647.46467872261 -553.73529069206
2642.19087317167 -555.200236678478
2637.2100568181 -557.251161059422
2631.35027287284 -557.251161059422
2625.1974997298 -555.786215073004
2609.37608307698 -554.614258283953
2607.61814789362 -580.104318446754
2603.22330993436 -577.760404868444
2599.12146117247 -577.174426473918
2602.63733153963 -616.141989711434
2602.05135314531 -618.778892486903
2598.24249358079 -620.53682767048
2593.26167722722 -623.173730445949
2587.40189328155 -623.173730445949
2561.03286552685 -621.122806065006
2557.80998435706 -618.778892486903
2554.88009238423 -621.708784459531
2554.29411398949 -624.052698037842
2555.75905997591 -631.377427969724
2555.75905997591 -630.498460377832
2551.36422201707 -640.167103887817
2556.63802756801 -660.676347697047
2554.29411398949 -689.389289029843
2553.70813559518 -688.510321438159
2552.82916800307 -660.676347697047
2552.24318960876 -652.47265017348
2549.89927603066 -648.077812214225
2550.77824362234 -645.147920241597
2551.36422201707 -642.511017466128
2550.77824362234 -632.256395561409
2551.36422201707 -623.466719643316
2555.75905997591 -624.638676432367
2566.59966027516 -621.708784459531
2592.38270963512 -620.53682767048
2595.89858000269 -624.638676432367
2609.08309388003 -726.012938689048
2616.70081300907 -726.012938689048
3142.32343291834 -699.643910934562
3152.57805482285 -704.624727288134
3161.36773074136 -712.535435614543
3165.17659030588 -722.790057519053
3190.08067207416 -1528.51035002239
3215.57073223675 -1547.55464784521
3247.21356554238 -1557.80926974972
3495.37541563346 -1558.10225894708
3406.01371046487 -332.528446750204
3407.77164564865 -306.745397390244
3408.35762404297 -265.140931377259
3408.35762404297 -267.484844955569
3408.35762404297 -260.746093418212
3408.35762404297 -256.351255459166
3407.47865645128 -246.97560114634
3380.52365030186 624.081282349003
3395.75908856035 662.169877994626
3382.57457468301 886.30661390911
3388.72734782563 888.650527487421
3473.40122583802 890.701451868365
3480.72595576969 882.49775434459
3739.43541696265 901.542052167401
3743.24427652717 907.401836112866
3749.10406047242 969.808535132239
3749.69003886716 969.222556737714
3750.27601726189 953.694129282264
3747.34612528906 949.885269717535
3752.61993083999 953.10815088753
3759.35868237735 954.28010767679
3767.26939070376 955.745053663
3776.05906662185 954.573096873948
3778.40298019995 954.573096873948
3778.40298019995 954.573096873948
3778.40298019995 954.573096873948
3778.40298019995 944.025485772071
3778.10999100259 948.420323731325
3775.18009903017 946.955377744907
3769.61330428186 945.783420955856
3765.80444471734 945.490431758489
3763.46053113924 946.369399350381
3761.99558515282 953.694129282264
3759.35868237735 954.28010767679
3757.01476879883 955.745053663
3751.15498485358 954.28010767679
3753.20590923431 930.254993500198
3741.77933054075 927.911079922095
3744.41623331622 912.675641663805
3555.43820107452 902.421019759294
3552.80129829905 904.471944140238
3550.45738472095 908.866782099284
3547.52749274811 1008.77609836975
3550.45738472095 1011.41300114522
3553.38727669379 1011.41300114522
3553.9732550881 1010.24104435596
3553.9732550881 1010.24104435596
3553.9732550881 1010.24104435596
3553.9732550881 1010.24104435596
3553.9732550881 1010.24104435596
3457.5798091852 619.100465995431
3457.5798091852 619.100465995431
3457.5798091852 619.100465995431
3457.5798091852 619.100465995431
3460.50970115762 621.151390376375
3473.40122583802 622.030357968059
3473.69421503497 624.960249940896
3473.69421503497 624.960249940896
3473.69421503497 624.960249940896
3473.69421503497 624.960249940896
3473.69421503497 624.960249940896
3475.74513941612 623.202314757111
3476.33111781044 629.062098702575
3475.15916102139 666.564715953673
3482.19090175611 670.080586321035
3640.69805748123 711.392063136653
3756.42879040452 757.391367108684
3828.79712213124 778.486589312439
3858.09604185835 778.486589312439
3861.02593383119 771.454848577715
3864.83479339571 702.309398021193
3864.54180419834 675.354391871973
3872.1595233278 581.597848744334
3872.1595233278 581.597848744334
3873.33148011685 578.667956771498
3873.33148011685 578.667956771498
3875.08941530022 555.22882098964
3876.26137208969 550.833983030593
3885.34403720515 387.346010951698
3887.39496158589 384.709108176228
3886.80898319115 390.275902924534
3885.93001559947 391.740848910744
3879.19126406211 536.770501561354
3879.19126406211 535.598544772302
3874.79642610327 576.617032390554
3873.33148011685 576.617032390554
3873.33148011685 573.394151220559
3873.33148011685 559.03768055416
3870.40158814402 555.814799384165
3868.35066376328 555.22882098964
3781.91885056711 556.107788581532
3779.86792618637 553.763875003221
3776.64504501617 553.177896608696
3770.78526107091 555.814799384165
3770.78526107091 555.814799384165
3764.33949873092 557.572734567742
3764.33949873092 557.572734567742
3699.88187533061 559.623658948686
3684.35344787516 558.158712962476
3664.72317165782 553.763875003221
3657.39844172573 552.298929017011
3634.5452843386 552.298929017011
3628.68550039293 551.712950622278
3625.16963002578 551.712950622278
3623.11870564504 548.490069452283
3624.58365163104 441.842001644663
3615.79397571295 440.084066461086
3490.39459927989 435.689228501832
3487.46470730705 434.51727171278
3476.62410700781 434.51727171278
3473.69421503497 433.052325726362
3476.33111781044 432.173358134678
3475.74513941612 425.727595794688
3476.33111781044 321.42344156517
3470.76432306255 318.786538789701
3404.54876447845 321.716430762329
3395.75908856035 322.302409156855
3391.65723979847 322.88838755138
3390.19229381205 324.646322735165
3390.19229381205 339.881760993248
3387.84838023395 475.53575933124
3394.5871317713 477.00070531745
3469.88535547045 479.051629698393
3473.69421503497 473.777824147455
3477.79606379686 474.656791739347
3478.08905299422 472.605867358403
3477.21008540254 467.91804020199
3479.26100978328 448.287763984653
3487.46470730705 466.453094215572
3477.79606379686 319.372517184227
3475.74513941612 318.493549592334
3467.83443108971 318.786538789701
3404.84175367582 318.786538789701
3403.08381849203 319.958495578752
3388.43435862826 320.837463170437
3374.6638663566 322.302409156855
2529.97601061595 320.251484775911
2528.8040538269 317.321592803283
2481.92578226277 310.582841265926
2331.03634566711 317.907571197808
2328.10645369427 312.63376564687
2331.03634566711 245.246250273924
2333.67324844258 244.074293484665
2340.41199997952 246.711196260134
2340.41199997952 246.711196260134
2345.39281633351 249.055109838445
2345.39281633351 249.055109838445
2371.17586569347 253.449947797491
2372.05483328515 256.965818164853
2367.65999532632 242.316358301088
2354.1824922516 253.449947797491
2348.6156975033 256.965818164853
2368.24597372063 272.494245620303
2369.12494131232 272.494245620303
2369.71091970705 266.634461674838
2367.65999532632 255.500872178435
2362.38618977538 254.914893783909
2338.36107559878 251.985001811073
2335.13819442858 249.641088232971
2331.03634566711 227.95988763469
2335.43118362595 208.036622219985
2335.43118362595 208.036622219985
1549.92714573468 -249.026525527284
2330.74335646974 -306.159418995718
2565.13471428874 -309.675289362872
2565.13471428874 -309.675289362872
2735.06844870783 -310.554256954764
2761.73046565948 -308.503332573821
2765.24633602705 -312.898170532867
2777.55188231229 -334.872360328515
2780.7747634825 -333.993392736622
2783.70465545492 -326.082684410214
2789.56443940059 -224.708422153533
2795.42422334626 -223.536465364482
3060.57944687879 -215.918746235232
3072.29901476972 -213.281843459763
3293.50585871178 -225.001411350692
3294.9708046982 -226.46635733711
3401.61887250561 -218.262659813543
3406.01371046487 -214.453800248814
3340.97010867023 -5994.25169487125
3340.97010867023 -5994.25169487125
3601.73049424392 -214.746789446181
3606.71131059749 -211.523908276186
3593.81978591751 -217.383692221651
3596.74967789035 -218.262659813543
3620.77479206652 -217.676681418809
3664.13719326309 -155.85596079417
3696.07301576609 -158.199874372272
3699.00290773892 -163.180690726052
3703.39774569776 -183.103956140548
3710.13649723512 -187.498794099803
3718.04720556152 -188.963740086013
3721.27008673173 -194.823524031477
3732.11068703056 -241.701795595401
3704.86269168418 -344.833993035867
3707.79258365701 -345.712960627551
3708.08557285438 -348.642852600388
3708.08557285438 -348.642852600388
3709.25752964343 -347.763885008495
3706.62062686796 -290.923980737427
3709.25752964343 -288.580067159117
3723.9069895072 -287.115121172907
3748.22509288074 -284.771207594596
3829.67608972293 -292.095937526479
3833.19196009008 -293.560883512897
3833.19196009008 -296.490775485525
3832.3129924984 -344.833993035867
3855.16614988594 -341.904101063031
3866.29973938213 -337.802252301143
3865.42077179045 -338.974209090402
3863.07685821234 -343.369047049449
3866.29973938213 -339.267198287561
3869.22963135497 -343.369047049449
3870.69457734138 -348.642852600388
3869.81560974928 -366.808182831307
3871.2805557357 -379.406718314128
3878.01930727306 -377.94177232771
3906.43925940891 -372.960955974138
3908.49018378964 -378.820739919602
3912.88502174889 -412.514497605971
3908.78317298701 -418.960259946169
3904.97431342249 -429.800860245206
3907.90420539491 -516.232673440963
3910.24811897343 -516.232673440963
3911.42007576248 -514.181749060019
3913.17801094585 -496.0164188291
3905.85328101417 -487.226742911007
3907.90420539491 -485.761796924589
3912.29904335416 -484.882829332697
3956.83340133977 -482.831904951753
3962.9861744824 -476.67913180913
3967.96699083639 -472.577283047242
3976.17068835975 -471.112337060824
4088.09256171851 -464.373585523467
4091.02245369135 -464.373585523467
4095.41729165019 -462.322661142523
4097.7612052287 -460.564725958946
4102.15604318754 -459.392769169895
4134.38485488791 -459.099779972528
4134.38485488791 -459.099779972528
4134.38485488791 -463.787607128941
4134.38485488791 -463.787607128941
4132.04094130981 -503.341148760982
4134.09186569054 -510.665878692865
4140.8306172279 -512.716803073809
4205.28824062822 -510.665878692865
4208.21813260064 -514.767727454753
4209.09710019274 -572.779588514872
4214.07791654631 -629.912481983306
4219.93770049198 -634.893298336878
4218.47275450556 -639.581125493291
4420.04932222988 -627.568568405204
4430.88992252912 -624.638676432367
4433.81981450154 -621.122806065006
4433.81981450154 -431.558795428783
4433.23383610722 -429.800860245206
4437.33568486911 -377.355793933184
4434.40579289627 -366.808182831307
