dataset,epsilon,delta,bound,algorithm,control,points,frechet,mean_core_ms,sample_std_ms,speedup_vs_sots
11,299.0,1.0,300.0,dots,180000.0,27,269.6289340807464,0.04881,0.008226170973720939,6.373898791231305
11,299.0,1.0,300.0,sots,,20,299.0,0.31111,0.020182195123425006,1.0
11,299.0,1.0,300.0,dp,150.0,26,75.75956531744565,0.0082,0.0005715476066494082,37.94024390243902
11,299.0,1.0,300.0,squish,0.3025,30,269.6289340807464,0.005350000000000001,0.00026770630673681676,58.151401869158875
11,299.0,1.0,300.0,reference,,20,299.0,0.32158,0.017055908067294456,0.9674420050998197
11,30.0,9.67741935483871,300.0,dots,180000.0,27,269.6289340807464,0.04854,0.007087579119683799,6.201071281417388
11,30.0,9.67741935483871,300.0,squish,0.3025,30,269.6289340807464,0.00508,0.0004939635614091387,59.251968503937
11,30.0,9.67741935483871,300.0,dp,150.0,26,75.75956531744565,0.00832,0.000981835016690686,36.17788461538462
11,30.0,9.67741935483871,300.0,sots,,20,290.3225806451616,0.301,0.039900515173505104,1.0
11,30.0,9.67741935483871,300.0,reference,,20,290.3225806451616,0.29955,0.029360148728052,1.0048405942246703
11,5.0,50.0,300.0,dp,150.0,26,75.75956531744565,0.00822,0.000702060459568041,41.345498783454985
11,5.0,50.0,300.0,reference,,22,250.00000000000026,0.33925,0.024879319837076648,1.001798084008843
11,5.0,50.0,300.0,sots,,22,250.00000000000026,0.33986,0.023457015060649882,1.0
11,5.0,50.0,300.0,dots,180000.0,27,269.6289340807464,0.04862,0.006520361271517943,6.990127519539285
11,5.0,50.0,300.0,squish,0.3025,30,269.6289340807464,0.00514,0.0006186005711819758,66.1206225680934
11,0.5,200.0,300.0,dots,180000.0,27,269.6289340807464,0.04405,0.005797940247287057,48.02133938706015
11,0.5,200.0,300.0,dp,150.0,26,75.75956531744565,0.00702,0.0007814516406449391,301.3304843304843
11,0.5,200.0,300.0,sots,,20,300.00000000000017,2.1153399999999998,0.19855245710446953,1.0
11,0.5,200.0,300.0,squish,0.3025,30,269.6289340807464,0.00465,0.001021164912136026,454.9118279569892
11,0.5,200.0,300.0,reference,,20,300.00000000000017,2.45587,0.2517014812564016,0.8613403803947276
11,0.1,272.727272727273,300.0,dots,180000.0,27,269.6289340807464,0.05047,0.017860947467714147,397.32177531206656
11,0.1,272.727272727273,300.0,reference,,20,299.5347632248477,24.45653,1.3542277455353575,0.8199376608210568
11,0.1,272.727272727273,300.0,sots,,20,299.5347632248477,20.05283,0.7751556059556327,1.0
11,0.1,272.727272727273,300.0,squish,0.3025,30,269.6289340807464,0.00475,0.0018161314196206545,4221.648421052631
11,0.1,272.727272727273,300.0,dp,150.0,26,75.75956531744565,0.00703,0.0007631076813486635,2852.4651493598863
11,299.0,3.33333333333333,1000.0,dp,1000.0,11,841.8165239177072,0.0038799999999999998,0.000373571352696584,39.22164948453609
11,299.0,3.33333333333333,1000.0,sots,,8,996.6666666666654,0.15218,0.025991528534419737,1.0
11,299.0,3.33333333333333,1000.0,squish,0.1725,17,710.170390177171,0.00362,0.0004825856285561028,42.03867403314918
11,299.0,3.33333333333333,1000.0,dots,2750000.0,14,841.8165239177072,0.05685,0.01084212463803413,2.676868953386104
11,299.0,3.33333333333333,1000.0,reference,,8,996.6666666666654,0.14605,0.04591545975425319,1.0419719274221158
11,30.0,32.258064516129,1000.0,reference,,10,967.7419354838702,0.31829,0.06311651395105193,0.9730748688303119
11,30.0,32.258064516129,1000.0,squish,0.1725,17,710.170390177171,0.0032300000000000002,0.00044981477669517865,95.88854489164086
11,30.0,32.258064516129,1000.0,sots,,10,967.7419354838702,0.30972,0.03121711781129777,1.0
11,30.0,32.258064516129,1000.0,dp,1000.0,11,841.8165239177072,0.00359,0.0005021066730398144,86.27298050139277
11,30.0,32.258064516129,1000.0,dots,2750000.0,14,841.8165239177072,0.0501,0.005119027685453991,6.182035928143713
11,5.0,166.666666666667,1000.0,dp,1000.0,11,841.8165239177072,0.00354,0.0005103375789067903,84.40112994350282
11,5.0,166.666666666667,1000.0,reference,,10,833.3333333333351,0.30779,0.07055507620134627,0.9707267942428278
11,5.0,166.666666666667,1000.0,squish,0.1725,17,710.170390177171,0.00328,0.00042373996218855216,91.09146341463415
11,5.0,166.666666666667,1000.0,dots,2750000.0,14,841.8165239177072,0.04665,0.003600077159666937,6.404715969989282
11,5.0,166.666666666667,1000.0,sots,,10,833.3333333333351,0.29878,0.04578461167976274,1.0
11,0.5,666.666666666667,1000.0,squish,0.1725,17,710.170390177171,0.00287,0.0002406010991015812,234.45296167247386
11,0.5,666.666666666667,1000.0,sots,,8,1000.0000000000003,0.67288,0.07887966644058388,1.0
11,0.5,666.666666666667,1000.0,dots,2750000.0,14,841.8165239177072,0.049049999999999996,0.007133216509946812,13.718246687054028
11,0.5,666.666666666667,1000.0,dp,1000.0,11,841.8165239177072,0.00343,0.00027100635498903796,196.17492711370264
11,0.5,666.666666666667,1000.0,reference,,8,1000.0000000000003,0.65958,0.020589036996529086,1.0201643470087025
11,0.1,909.090909090909,1000.0,dots,2750000.0,14,841.8165239177072,0.04806,0.007226525213867773,105.55534748231378
11,0.1,909.090909090909,1000.0,squish,0.1725,17,710.170390177171,0.00297,0.0002002775851439974,1708.077441077441
11,0.1,909.090909090909,1000.0,reference,,8,993.2339908274472,5.41528,0.16552944551750706,0.9367918187055886
11,0.1,909.090909090909,1000.0,sots,,8,993.2339908274472,5.07299,0.17758371077701163,1.0
11,0.1,909.090909090909,1000.0,dp,1000.0,11,841.8165239177072,0.00352,0.0003552776691859795,1441.1903409090908
12,299.0,1.0,300.0,sots,,30,299.00000000000017,0.21209,0.026332128664428175,1.0
12,299.0,1.0,300.0,squish,0.4925,49,252.58363050163433,0.00502,0.0004661902329879225,42.24900398406374
12,299.0,1.0,300.0,dp,300.0,28,274.2946101519264,0.0079,0.0009140872800534724,26.84683544303797
12,299.0,1.0,300.0,dots,146250.0,45,252.58363050163433,0.055940000000000004,0.004611386872610981,3.791383625312835
12,299.0,1.0,300.0,reference,,30,299.00000000000017,0.20203,0.011967739042015323,1.0497945849626293
12,30.0,9.67741935483871,300.0,dots,146250.0,45,252.58363050163433,0.057730000000000004,0.012181411157077727,3.3760609734973146
12,30.0,9.67741935483871,300.0,dp,300.0,28,274.2946101519264,0.00727,0.0002668749186833078,26.808803301237962
12,30.0,9.67741935483871,300.0,reference,,30,290.3225806451612,0.19147999999999998,0.012359683563011549,1.0178608731982453
12,30.0,9.67741935483871,300.0,squish,0.4925,49,252.58363050163433,0.00499,0.0006026792034094276,39.05811623246493
12,30.0,9.67741935483871,300.0,sots,,30,290.3225806451612,0.1949,0.009844682715952693,1.0
12,5.0,50.0,300.0,dots,146250.0,45,252.58363050163433,0.05574,0.007596812196938631,3.30480803731611
12,5.0,50.0,300.0,sots,,32,250.00000000000003,0.18420999999999998,0.006677233292647822,1.0
12,5.0,50.0,300.0,squish,0.4925,49,252.58363050163433,0.00478,0.0002347575581554535,38.537656903765686
12,5.0,50.0,300.0,reference,,32,250.00000000000003,0.18089,0.007196056018557823,1.0183536956161203
12,5.0,50.0,300.0,dp,300.0,28,274.2946101519264,0.00768,0.0005846176338238332,23.985677083333332
12,0.5,200.0,300.0,reference,,28,299.9999999999995,1.61164,0.07553739618375933,0.9778300364845747
12,0.5,200.0,300.0,dots,146250.0,45,252.58363050163433,0.05475,0.005564221019653656,28.78374429223744
12,0.5,200.0,300.0,squish,0.4925,49,252.58363050163433,0.00636,0.00507459905367464,247.78459119496853
12,0.5,200.0,300.0,sots,,28,299.9999999999995,1.57591,0.07478895417551087,1.0
12,0.5,200.0,300.0,dp,300.0,28,274.2946101519264,0.00773,0.0007528464503321894,203.86934023285897
12,0.1,272.727272727273,300.0,sots,,28,300.0000000000005,13.10024,0.8233858636413699,1.0
12,0.1,272.727272727273,300.0,squish,0.4925,49,252.58363050163433,0.00488,0.00045898438608156023,2684.4754098360654
12,0.1,272.727272727273,300.0,dp,300.0,28,274.2946101519264,0.01079,0.011178396824033201,1214.1093605189992
12,0.1,272.727272727273,300.0,reference,,28,300.0000000000005,14.559239999999999,0.9647853891467837,0.8997887252356579
12,0.1,272.727272727273,300.0,dots,146250.0,45,252.58363050163433,0.05345,0.0055166918428428535,245.0933582787652
12,299.0,3.33333333333333,1000.0,squish,0.2825,28,924.553549449775,0.00482,0.00021499353995462804,40.40248962655602
12,299.0,3.33333333333333,1000.0,dp,1000.0,14,983.3083178564538,0.00454,0.00018378731669453627,42.89427312775331
12,299.0,3.33333333333333,1000.0,reference,,12,996.6666666666655,0.19747,0.013226240752551136,0.9861751152073732
12,299.0,3.33333333333333,1000.0,sots,,12,996.6666666666655,0.19474,0.005310827514511171,1.0
12,299.0,3.33333333333333,1000.0,dots,2000000.0,18,535.3317227029562,0.05365,0.003395503562720034,3.62982292637465
12,30.0,32.258064516129,1000.0,dp,1000.0,14,983.3083178564538,0.00473,0.00037133393177689664,42.48202959830867
12,30.0,32.258064516129,1000.0,reference,,12,967.7419354838698,0.19485,0.00770126252275849,1.0312548113933795
12,30.0,32.258064516129,1000.0,dots,2000000.0,18,535.3317227029562,0.05631,0.004141510728117352,3.5684603090037297
12,30.0,32.258064516129,1000.0,squish,0.2825,28,924.553549449775,0.00523,0.0007180993431738167,38.42065009560229
12,30.0,32.258064516129,1000.0,sots,,12,967.7419354838698,0.20094,0.013475508648408543,1.0
12,5.0,166.666666666667,1000.0,dp,1000.0,14,983.3083178564538,0.00468,0.000551361950083609,53.630341880341874
12,5.0,166.666666666667,1000.0,sots,,16,833.3333333333351,0.25099,0.05383265118246856,1.0
12,5.0,166.666666666667,1000.0,dots,2000000.0,18,535.3317227029562,0.05598,0.0059899545537137056,4.48356555912826
12,5.0,166.666666666667,1000.0,squish,0.2825,28,924.553549449775,0.00481,0.00012866839377079182,52.18087318087318
12,5.0,166.666666666667,1000.0,reference,,16,833.3333333333351,0.23472,0.015397027130080806,1.0693166325835037
12,0.5,666.666666666667,1000.0,dp,1000.0,14,983.3083178564538,0.00475,0.00046007245806140885,312.0315789473685
12,0.5,666.666666666667,1000.0,reference,,12,971.8253158075506,1.4958900000000002,0.06937443413182635,0.9908148326414374
12,0.5,666.666666666667,1000.0,dots,2000000.0,18,535.3317227029562,0.05531,0.006422953630015816,26.79714337371181
12,0.5,666.666666666667,1000.0,squish,0.2825,28,924.553549449775,0.00492,0.00029739610697593956,301.25
12,0.5,666.666666666667,1000.0,sots,,12,971.8253158075506,1.48215,0.13910149172456782,1.0
12,0.1,909.090909090909,1000.0,squish,0.2825,28,924.553549449775,0.00588,0.0006051629716218781,2401.6581632653065
12,0.1,909.090909090909,1000.0,reference,,12,999.9999999999997,14.9584,1.2331360184505198,0.9440682158519629
12,0.1,909.090909090909,1000.0,dots,2000000.0,18,535.3317227029562,0.06368,0.0060719391008510985,221.76114949748745
12,0.1,909.090909090909,1000.0,dp,1000.0,14,983.3083178564538,0.00528,0.0006972963661329537,2674.573863636364
12,0.1,909.090909090909,1000.0,sots,,12,999.9999999999997,14.12175,1.3382305716048253,1.0
13,299.0,1.0,300.0,reference,,12,299.00000000000017,0.23183,0.017066735025904764,1.0044429107535695
13,299.0,1.0,300.0,dots,360000.0,16,284.4955465662287,0.06177,0.0049331193647292465,3.7697911607576495
13,299.0,1.0,300.0,dp,300.0,16,280.2552431411777,0.00515,0.0006932211447695139,45.21553398058253
13,299.0,1.0,300.0,squish,0.3325,33,257.54167416967357,0.00473,0.0006447221623821121,49.23044397463003
13,299.0,1.0,300.0,sots,,12,299.00000000000017,0.23286,0.00789517433485656,1.0
13,30.0,9.67741935483871,300.0,squish,0.3325,33,257.54167416967357,0.00468,0.00035839146815241625,46.467948717948715
13,30.0,9.67741935483871,300.0,dots,360000.0,16,284.4955465662287,0.05952,0.005333083327473685,3.653729838709677
13,30.0,9.67741935483871,300.0,dp,300.0,16,280.2552431411777,0.0049,0.00018257418583505548,44.381632653061224
13,30.0,9.67741935483871,300.0,sots,,12,290.3225806451612,0.21747,0.003958408771210978,1.0
13,30.0,9.67741935483871,300.0,reference,,12,290.3225806451612,0.21816,0.014694760971176087,0.9968371837183718
13,5.0,50.0,300.0,reference,,14,249.99999999999991,0.23351,0.030084859610405,0.9557620658644169
13,5.0,50.0,300.0,dp,300.0,16,280.2552431411777,0.00498,0.0003084008934992101,44.8152610441767
13,5.0,50.0,300.0,sots,,14,249.99999999999991,0.22318,0.018637226784643204,1.0
13,5.0,50.0,300.0,dots,360000.0,16,284.4955465662287,0.06293,0.004513202853850023,3.5464802161131415
13,5.0,50.0,300.0,squish,0.3325,33,257.54167416967357,0.00468,0.00023475755815545332,47.68803418803419
13,0.5,200.0,300.0,reference,,12,298.41860248622964,2.34388,0.09304640180516859,0.9687142686485657
13,0.5,200.0,300.0,dots,360000.0,16,284.4955465662287,0.0694,0.008026068637743999,32.71685878962536
13,0.5,200.0,300.0,squish,0.3325,33,257.54167416967357,0.00575,0.00039228674319799413,394.8782608695652
13,0.5,200.0,300.0,dp,300.0,16,280.2552431411777,0.00589,0.0004748099034818509,385.4923599320883
13,0.5,200.0,300.0,sots,,12,298.41860248622964,2.27055,0.06933719941144305,1.0
13,0.1,272.727272727273,300.0,reference,,10,298.3936382823564,15.5634,0.6917741571094169,0.9509406684914607
13,0.1,272.727272727273,300.0,dots,360000.0,16,284.4955465662287,0.07982,0.02719933822724369,185.41556001002255
13,0.1,272.727272727273,300.0,squish,0.3325,33,257.54167416967357,0.00581,0.00048407988321488133,2547.3098106712564
13,0.1,272.727272727273,300.0,sots,,10,298.3936382823564,14.79987,0.5568792888349622,1.0
13,0.1,272.727272727273,300.0,dp,300.0,16,280.2552431411777,0.00601,0.0005130518708885311,2462.540765391015
13,299.0,3.33333333333333,1000.0,squish,0.0725,7,783.8429139850797,0.00317,0.00044981477669517865,129.2681388012618
13,299.0,3.33333333333333,1000.0,reference,,4,996.6666666666655,0.41394,0.04342316841912339,0.9899502343334783
13,299.0,3.33333333333333,1000.0,dots,12000000.0,4,947.6645615666757,0.11522,0.009550776582735742,3.556500607533414
13,299.0,3.33333333333333,1000.0,dp,1000.0,3,978.3043442057684,0.00148,0.0002097617696340303,276.8783783783784
13,299.0,3.33333333333333,1000.0,sots,,4,996.6666666666655,0.40978,0.03501430818647968,1.0
13,30.0,32.258064516129,1000.0,dots,12000000.0,4,947.6645615666757,0.09554,0.005564011342747444,3.793384969646221
13,30.0,32.258064516129,1000.0,dp,1000.0,3,978.3043442057684,0.0013,0.0001333333333333333,278.7846153846154
13,30.0,32.258064516129,1000.0,reference,,4,967.7419354838698,0.34994,0.011472789063209027,1.035663256558267
13,30.0,32.258064516129,1000.0,sots,,4,967.7419354838698,0.36241999999999996,0.03649057108045554,1.0
13,30.0,32.258064516129,1000.0,squish,0.0725,7,783.8429139850797,0.0025,0.00011547005383792521,144.968
13,5.0,166.666666666667,1000.0,dp,1000.0,3,978.3043442057684,0.00122,0.00015491933384829666,266.4180327868853
13,5.0,166.666666666667,1000.0,reference,,4,833.3333333333351,0.33116,0.021608290590007864,0.9814893103031768
13,5.0,166.666666666667,1000.0,dots,12000000.0,4,947.6645615666757,0.09775,0.011332475457727672,3.3251150895140666
13,5.0,166.666666666667,1000.0,squish,0.0725,7,783.8429139850797,0.00267,0.000279085809185793,121.73408239700376
13,5.0,166.666666666667,1000.0,sots,,4,833.3333333333351,0.32503000000000004,0.012261053969559245,1.0
13,0.5,666.666666666667,1000.0,reference,,2,971.8253158075505,1.84341,0.21893539610274687,0.9774439761094927
13,0.5,666.666666666667,1000.0,dots,12000000.0,4,947.6645615666757,0.10389999999999999,0.011408184196736422,17.341963426371514
13,0.5,666.666666666667,1000.0,dp,1000.0,3,978.3043442057684,0.00151,0.00020248456731316588,1193.2649006622516
13,0.5,666.666666666667,1000.0,sots,,2,971.8253158075505,1.80183,0.1855111619882271,1.0
13,0.5,666.666666666667,1000.0,squish,0.0725,7,783.8429139850797,0.00319,0.0010202940752547765,564.8369905956113
13,0.1,909.090909090909,1000.0,dots,12000000.0,4,947.6645615666757,0.09149,0.0054181690224240475,141.7724341458083
13,0.1,909.090909090909,1000.0,squish,0.0725,7,783.8429139850797,0.00245,0.00013540064007726605,5294.187755102041
13,0.1,909.090909090909,1000.0,reference,,2,990.1373141269074,14.31895,0.5599892444403632,0.905845749862944
13,0.1,909.090909090909,1000.0,dp,1000.0,3,978.3043442057684,0.00125,0.00014337208778404377,10376.608
13,0.1,909.090909090909,1000.0,sots,,2,990.1373141269074,12.97076,0.6420657896370294,1.0
14,299.0,1.0,300.0,dots,90000.0,35,20.654541698813865,0.04149,0.0040591323648725185,4.5847192094480596
14,299.0,1.0,300.0,squish,0.3325,33,21.212976585688768,0.00419,0.00011972189997378641,45.39856801909308
14,299.0,1.0,300.0,reference,,20,299.0000000000008,0.18795,0.009364145568188384,1.0120776802341047
14,299.0,1.0,300.0,dp,300.0,19,271.62132986391,0.00545,0.0004275251779460219,34.90275229357798
14,299.0,1.0,300.0,sots,,20,299.0000000000008,0.19022,0.013707078463334191,1.0
14,30.0,9.67741935483871,300.0,dots,90000.0,35,20.654541698813865,0.04527,0.004489506283174873,4.566600397614314
14,30.0,9.67741935483871,300.0,dp,300.0,19,271.62132986391,0.00553,0.0004110960958218893,37.383363471971066
14,30.0,9.67741935483871,300.0,sots,,20,290.3225806451615,0.20673,0.015401230109601273,1.0
14,30.0,9.67741935483871,300.0,squish,0.3325,33,21.212976585688768,0.0042699999999999995,0.0004191260749066643,48.41451990632319
14,30.0,9.67741935483871,300.0,reference,,20,290.3225806451615,0.20928,0.0160487313448066,0.9878153669724771
14,5.0,50.0,300.0,reference,,20,250.0000000000002,0.18045,0.0077368167441999895,0.9971183153228041
14,5.0,50.0,300.0,squish,0.3325,33,21.212976585688768,0.0043300000000000005,0.0003368151487751767,41.55427251732101
14,5.0,50.0,300.0,sots,,20,250.0000000000002,0.17993,0.013960503811348165,1.0
14,5.0,50.0,300.0,dp,300.0,19,271.62132986391,0.0055,0.0006531972647421808,32.71454545454546
14,5.0,50.0,300.0,dots,90000.0,35,20.654541698813865,0.04762,0.011509783278199076,3.7784544309113817
14,0.5,200.0,300.0,dots,90000.0,35,20.654541698813865,0.04167,0.0040743233930446805,33.207343412527
14,0.5,200.0,300.0,sots,,18,299.6725217841518,1.38375,0.03854815891265827,1.0
14,0.5,200.0,300.0,dp,300.0,19,271.62132986391,0.0055,0.0004082482904638628,251.59090909090912
14,0.5,200.0,300.0,reference,,18,299.6725217841518,1.4956800000000001,0.02187107679104986,0.9251644736842105
14,0.5,200.0,300.0,squish,0.3325,33,21.212976585688768,0.00418,0.0002043961295567452,331.0406698564594
14,0.1,272.727272727273,300.0,dp,300.0,19,271.62132986391,0.00518,0.0001549193338482965,2303.8474903474903
14,0.1,272.727272727273,300.0,sots,,18,299.5347632248471,11.93393,0.11139584123496,1.0
14,0.1,272.727272727273,300.0,squish,0.3325,33,21.212976585688768,0.00414,0.00011737877907772662,2882.5917874396137
14,0.1,272.727272727273,300.0,reference,,18,299.5347632248471,13.96354,0.40122956078091304,0.8546493224497513
14,0.1,272.727272727273,300.0,dots,90000.0,35,20.654541698813865,0.03948,0.00198818733747323,302.27786220871326
14,299.0,3.33333333333333,1000.0,squish,0.1725,17,734.1210112072454,0.00307,0.0002496664441476535,52.86319218241042
14,299.0,3.33333333333333,1000.0,dp,1000.0,12,656.8159669087541,0.00358,0.00034253953543107,45.332402234636874
14,299.0,3.33333333333333,1000.0,dots,2000000.0,20,677.6562779558243,0.04135,0.0034043273115910056,3.924788391777509
14,299.0,3.33333333333333,1000.0,reference,,12,996.6666666666658,0.15782,0.005656225675208596,1.0283234064123685
14,299.0,3.33333333333333,1000.0,sots,,12,996.6666666666658,0.16229,0.007274987590672886,1.0
14,30.0,32.258064516129,1000.0,sots,,12,967.7419354838703,0.15648,0.006971656904925827,1.0
14,30.0,32.258064516129,1000.0,reference,,12,967.7419354838703,0.16359,0.016875126336975643,0.9565376856776087
14,30.0,32.258064516129,1000.0,squish,0.1725,17,734.1210112072454,0.00303,0.00027507574714370346,51.64356435643565
14,30.0,32.258064516129,1000.0,dots,2000000.0,20,677.6562779558243,0.04837,0.017895750581880854,3.2350630556129834
14,30.0,32.258064516129,1000.0,dp,1000.0,12,656.8159669087541,0.00348,0.0002740640638812596,44.96551724137931
14,5.0,166.666666666667,1000.0,sots,,12,833.3333333333351,0.21126,0.0022760589720928694,1.0
14,5.0,166.666666666667,1000.0,dp,1000.0,12,656.8159669087541,0.00343,0.00010593499054713804,61.59183673469388
14,5.0,166.666666666667,1000.0,reference,,12,833.3333333333351,0.21262999999999999,0.00595651837159184,0.99355688284814
14,5.0,166.666666666667,1000.0,squish,0.1725,17,734.1210112072454,0.00286,0.0001505545305418162,73.86713286713287
14,5.0,166.666666666667,1000.0,dots,2000000.0,20,677.6562779558243,0.0404,0.0020752509888364496,5.22920792079208
14,0.5,666.666666666667,1000.0,dots,2000000.0,20,677.6562779558243,0.040260000000000004,0.002610321393579299,27.318926974664677
14,0.5,666.666666666667,1000.0,dp,1000.0,12,656.8159669087541,0.00338,0.0002347575581554534,325.40236686390534
14,0.5,666.666666666667,1000.0,sots,,12,971.8253158075504,1.09986,0.009008785835073588,1.0
14,0.5,666.666666666667,1000.0,reference,,12,971.8253158075504,1.2024299999999999,0.015741950323895748,0.9146977370824083
14,0.5,666.666666666667,1000.0,squish,0.1725,17,734.1210112072454,0.00295,0.0001509230856356236,372.8338983050848
14,0.1,909.090909090909,1000.0,squish,0.1725,17,734.1210112072454,0.00296,0.0001505545305418163,5052.746621621622
14,0.1,909.090909090909,1000.0,sots,,12,1000.0000000000002,14.95613,0.09804886593485457,1.0
14,0.1,909.090909090909,1000.0,reference,,12,1000.0000000000002,17.60314,0.12087099826766598,0.8496285321823266
14,0.1,909.090909090909,1000.0,dots,2000000.0,20,677.6562779558243,0.04006,0.003744981827577924,373.3432351472791
14,0.1,909.090909090909,1000.0,dp,1000.0,12,656.8159669087541,0.00332,0.0001135292424395093,4504.858433734939
15,299.0,1.0,300.0,sots,,12,299.00000000000017,0.17606,0.002397776748017489,1.0
15,299.0,1.0,300.0,dp,300.0,12,174.60903591629622,0.00349,0.0001523883926754995,50.446991404011456
15,299.0,1.0,300.0,squish,0.1925,19,186.44957470258214,0.00319,0.00015951314818673864,55.191222570532915
15,299.0,1.0,300.0,dots,900000.0,17,173.42126317649985,0.04511,0.002494193256345627,3.902904012414099
15,299.0,1.0,300.0,reference,,12,299.00000000000017,0.17631,0.0031876323501934772,0.9985820429924565
15,30.0,9.67741935483871,300.0,dots,900000.0,17,173.42126317649985,0.04521,0.0035989041541990415,3.9062154390621546
15,30.0,9.67741935483871,300.0,sots,,12,290.32258064516117,0.1766,0.0029257477676655633,1.0
15,30.0,9.67741935483871,300.0,dp,300.0,12,174.60903591629622,0.00346,0.00015055453054181622,51.040462427745666
15,30.0,9.67741935483871,300.0,reference,,12,290.32258064516117,0.17343,0.0017172652678022705,1.0182782678890618
15,30.0,9.67741935483871,300.0,squish,0.1925,19,186.44957470258214,0.00313,8.232726023485652e-05,56.42172523961661
15,5.0,50.0,300.0,squish,0.1925,19,186.44957470258214,0.00466,0.004864428709177128,37.74463519313304
15,5.0,50.0,300.0,sots,,12,249.99999999999991,0.17589,0.0022338059201481423,1.0
15,5.0,50.0,300.0,dots,900000.0,17,173.42126317649985,0.04618,0.0030436819807594883,3.8087916847119963
15,5.0,50.0,300.0,reference,,12,249.99999999999991,0.20238,0.08751559607038939,0.8691076193299733
15,5.0,50.0,300.0,dp,300.0,12,174.60903591629622,0.00359,0.0002766867462592952,48.99442896935933
15,0.5,200.0,300.0,reference,,12,299.3385482242022,2.01015,0.050417528918246524,0.9108275501828222
15,0.5,200.0,300.0,sots,,12,299.3385482242022,1.8309,0.023820252820749926,1.0
15,0.5,200.0,300.0,squish,0.1925,19,186.44957470258214,0.00316,0.00012649110640673515,579.3987341772151
15,0.5,200.0,300.0,dots,900000.0,17,173.42126317649985,0.04348,0.0021028023629855908,42.10901563937443
15,0.5,200.0,300.0,dp,300.0,12,174.60903591629622,0.00353,9.486832980505143e-05,518.6685552407931
15,0.1,272.727272727273,300.0,squish,0.1925,19,186.44957470258214,0.00317,0.00010593499054713801,5141.652996845425
15,0.1,272.727272727273,300.0,dp,300.0,12,174.60903591629622,0.0036,0.000298142396999972,4527.511111111111
15,0.1,272.727272727273,300.0,sots,,12,299.5347632248473,16.299039999999998,0.08479947850992692,1.0
15,0.1,272.727272727273,300.0,dots,900000.0,17,173.42126317649985,0.04675,0.004650746654510912,348.64256684491977
15,0.1,272.727272727273,300.0,reference,,12,299.5347632248473,19.52603,1.076529937706229,0.8347339423323634
15,299.0,3.33333333333333,1000.0,sots,,6,992.2628312280905,0.2239,0.004262758626888355,1.0
15,299.0,3.33333333333333,1000.0,dots,1250000.0,14,610.3596012064255,0.04338,0.0016718585798778287,5.16136468418626
15,299.0,3.33333333333333,1000.0,dp,625.0,8,568.1266449553666,0.00254,8.432740427115681e-05,88.14960629921259
15,299.0,3.33333333333333,1000.0,squish,0.1325,13,543.6762741299912,0.00303,8.232726023485649e-05,73.89438943894389
15,299.0,3.33333333333333,1000.0,reference,,6,992.2628312280905,0.2269,0.00733833162994908,0.9867783164389599
15,30.0,32.258064516129,1000.0,reference,,6,936.7284557729873,0.19766,0.0021313532477434775,1.0208944652433471
15,30.0,32.258064516129,1000.0,squish,0.1325,13,543.6762741299912,0.00309,0.0001197218999737866,65.30420711974111
15,30.0,32.258064516129,1000.0,sots,,6,936.7284557729873,0.20179,0.005357746209409739,1.0
15,30.0,32.258064516129,1000.0,dots,1250000.0,14,610.3596012064255,0.04496,0.0031063376077518257,4.488211743772242
15,30.0,32.258064516129,1000.0,dp,625.0,8,568.1266449553666,0.00272,0.00039665266081716043,74.1875
15,5.0,166.666666666667,1000.0,sots,,6,794.3368548655924,0.20032,0.0019926531726988175,1.0
15,5.0,166.666666666667,1000.0,dp,625.0,8,568.1266449553666,0.00259,7.37864787372622e-05,77.34362934362935
15,5.0,166.666666666667,1000.0,squish,0.1325,13,543.6762741299912,0.00312,0.0001229272594305718,64.2051282051282
15,5.0,166.666666666667,1000.0,dots,1250000.0,14,610.3596012064255,0.04327,0.0020640036606341355,4.62953547492489
15,5.0,166.666666666667,1000.0,reference,,6,794.3368548655924,0.19559,0.0011599329482536666,1.0241832404519657
15,0.5,666.666666666667,1000.0,dots,1250000.0,14,610.3596012064255,0.04311,0.0023900023244991016,38.34678728833217
15,0.5,666.666666666667,1000.0,dp,625.0,8,568.1266449553666,0.00258,0.00013984117975602021,640.7480620155039
15,0.5,666.666666666667,1000.0,squish,0.1325,13,543.6762741299912,0.00309,0.0001595131481867387,534.9935275080907
15,0.5,666.666666666667,1000.0,reference,,4,1000.0000000000003,1.81666,0.01607276509433823,0.9099831559014896
15,0.5,666.666666666667,1000.0,sots,,4,1000.0000000000003,1.65313,0.010713133165522717,1.0
15,0.1,909.090909090909,1000.0,squish,0.1325,13,543.6762741299912,0.00312,0.00018135294011647262,4635.455128205128
15,0.1,909.090909090909,1000.0,reference,,4,998.4492107494905,16.61898,0.10482652124131363,0.8702471511488671
15,0.1,909.090909090909,1000.0,sots,,4,998.4492107494905,14.46262,0.11677129403715222,1.0
15,0.1,909.090909090909,1000.0,dots,1250000.0,14,610.3596012064255,0.04289,0.001895872710213777,337.20261133131265
15,0.1,909.090909090909,1000.0,dp,625.0,8,568.1266449553666,0.0026,0.00018856180831641276,5562.546153846154
16,299.0,1.0,300.0,squish,0.0725,7,278.46391941278836,0.00259,0.00013703203194062979,79.03861003861005
16,299.0,1.0,300.0,dots,1440000.0,10,240.0907979540718,0.04316,0.00383498515135471,4.743049119555144
16,299.0,1.0,300.0,dp,262.5,9,256.9584447720187,0.00281,0.00018529256146249722,72.85053380782918
16,299.0,1.0,300.0,reference,,6,299.0000000000001,0.20213,0.006682489556046209,1.0127640627319052
16,299.0,1.0,300.0,sots,,6,299.0000000000001,0.20471,0.0048954514035423145,1.0
16,30.0,9.67741935483871,300.0,reference,,6,290.32258064516134,0.20968,0.008543197423811663,1.032287294925601
16,30.0,9.67741935483871,300.0,dp,262.5,9,256.9584447720187,0.0027,0.00010540925533894598,80.16666666666666
16,30.0,9.67741935483871,300.0,squish,0.0725,7,278.46391941278836,0.00252,6.324555320336756e-05,85.89285714285714
16,30.0,9.67741935483871,300.0,sots,,6,290.32258064516134,0.21645,0.017055872237378467,1.0
16,30.0,9.67741935483871,300.0,dots,1440000.0,10,240.0907979540718,0.04319,0.003074428582860742,5.011576753878213
16,5.0,50.0,300.0,sots,,8,250.0000000000005,0.18215,0.002234701073720796,1.0
16,5.0,50.0,300.0,dots,1440000.0,10,240.0907979540718,0.04276,0.00322428286600292,4.259822263797942
16,5.0,50.0,300.0,reference,,8,250.0000000000005,0.18205,0.0038344201357933877,1.0005492996429552
16,5.0,50.0,300.0,dp,262.5,9,256.9584447720187,0.0027400000000000002,8.432740427115672e-05,66.47810218978101
16,5.0,50.0,300.0,squish,0.0725,7,278.46391941278836,0.00259,8.755950357709134e-05,70.32818532818534
16,0.5,200.0,300.0,squish,0.0725,7,278.46391941278836,0.00255,5.27046276694729e-05,528.8156862745097
16,0.5,200.0,300.0,dp,262.5,9,256.9584447720187,0.00272,0.0001135292424395093,495.76470588235287
16,0.5,200.0,300.0,dots,1440000.0,10,240.0907979540718,0.04172,0.0023465340871639214,32.32214765100671
16,0.5,200.0,300.0,reference,,4,293.44935418908915,1.3806,0.005334583186883259,0.9767347530059394
16,0.5,200.0,300.0,sots,,4,293.44935418908915,1.34848,0.014405616188756987,1.0
16,0.1,272.727272727273,300.0,dp,262.5,9,256.9584447720187,0.00279,0.00011005049346146108,3465.7060931899637
16,0.1,272.727272727273,300.0,sots,,4,299.53476322484744,9.669319999999999,0.1194140118337136,1.0
16,0.1,272.727272727273,300.0,squish,0.0725,7,278.46391941278836,0.0026,0.00015634719199411433,3718.9692307692308
16,0.1,272.727272727273,300.0,reference,,4,299.53476322484744,10.4922,0.05484250176642185,0.9215722155505993
16,0.1,272.727272727273,300.0,dots,1440000.0,10,240.0907979540718,0.04156,0.0020982532417862876,232.65928777670834
16,299.0,3.33333333333333,1000.0,squish,0.0425,4,370.28562541849305,0.00212,0.00022509257354845513,154.85377358490567
16,299.0,3.33333333333333,1000.0,dots,16000000.0,5,494.74497625235625,0.03023,0.002187870603527042,10.859741978167385
16,299.0,3.33333333333333,1000.0,reference,,4,996.6666666666654,0.32555,0.0026759214404678605,1.0084165258792812
16,299.0,3.33333333333333,1000.0,dp,375.0,5,313.90666209477905,0.00184,8.432740427115681e-05,178.41847826086956
16,299.0,3.33333333333333,1000.0,sots,,4,996.6666666666654,0.32829,0.007349142051211761,1.0
16,30.0,32.258064516129,1000.0,squish,0.0425,4,370.28562541849305,0.00213,0.0001766981104093143,137.88732394366198
16,30.0,32.258064516129,1000.0,dots,16000000.0,5,494.74497625235625,0.03047,0.0029773403492975997,9.63898916967509
16,30.0,32.258064516129,1000.0,sots,,4,967.7419354838698,0.2937,0.0020493901531919247,1.0
16,30.0,32.258064516129,1000.0,dp,375.0,5,313.90666209477905,0.00187,8.23272602348565e-05,157.05882352941177
16,30.0,32.258064516129,1000.0,reference,,4,967.7419354838698,0.29522000000000004,0.0038840986370356494,0.9948512973375787
16,5.0,166.666666666667,1000.0,dp,375.0,5,313.90666209477905,0.00189,0.00012866839377079187,139.1322751322751
16,5.0,166.666666666667,1000.0,squish,0.0425,4,370.28562541849305,0.0021,0.0001763834207376393,125.21904761904761
16,5.0,166.666666666667,1000.0,reference,,4,833.3333333333351,0.2613,0.0061151905575832595,1.0063528511289705
16,5.0,166.666666666667,1000.0,sots,,4,833.3333333333351,0.26295999999999997,0.004914875379905377,1.0
16,5.0,166.666666666667,1000.0,dots,16000000.0,5,494.74497625235625,0.03124,0.003877628141016103,8.417413572343149
16,0.5,666.666666666667,1000.0,squish,0.0425,4,370.28562541849305,0.00202,0.00016865480854231352,1173.960396039604
16,0.5,666.666666666667,1000.0,dp,375.0,5,313.90666209477905,0.0018,8.164965809277258e-05,1317.4444444444443
16,0.5,666.666666666667,1000.0,dots,16000000.0,5,494.74497625235625,0.03094,0.003562832830456374,76.64511958629606
16,0.5,666.666666666667,1000.0,sots,,4,1000.000000000001,2.3714,0.02277191252398451,1.0
16,0.5,666.666666666667,1000.0,reference,,4,1000.000000000001,2.50281,0.014800409153503622,0.9474950156024627
16,0.1,909.090909090909,1000.0,squish,0.0425,4,370.28562541849305,0.00199,9.944289260117533e-05,9237.989949748744
16,0.1,909.090909090909,1000.0,dots,16000000.0,5,494.74497625235625,0.03164,0.0026009400010167266,581.0240202275601
16,0.1,909.090909090909,1000.0,reference,,4,999.9999999999994,20.57512,0.14638142565837234,0.893486890963455
16,0.1,909.090909090909,1000.0,dp,375.0,5,313.90666209477905,0.00185,7.071067811865478e-05,9937.081081081082
16,0.1,909.090909090909,1000.0,sots,,4,999.9999999999994,18.3836,0.15505351764256506,1.0
17,299.0,1.0,300.0,squish,0.4625,46,206.60336402046235,0.00489,0.0007978443178688156,36.789366053169736
17,299.0,1.0,300.0,dots,118125.0,45,206.60336402046235,0.04994,0.004952709696048551,3.602322787344814
17,299.0,1.0,300.0,reference,,24,299.00000000000034,0.17437999999999998,0.004036720340958875,1.031655006308063
17,299.0,1.0,300.0,sots,,24,299.00000000000034,0.1799,0.0055365452525318794,1.0
17,299.0,1.0,300.0,dp,300.0,25,292.85540236369275,0.00627,0.00023118054512532936,28.69218500797448
17,30.0,9.67741935483871,300.0,dp,300.0,25,292.85540236369275,0.00627,0.00014181364924121753,29.331738437001597
17,30.0,9.67741935483871,300.0,sots,,24,290.3225806451618,0.18391000000000002,0.0071154682831763745,1.0
17,30.0,9.67741935483871,300.0,reference,,24,290.3225806451618,0.18315,0.006113418756218891,1.0041496041496043
17,30.0,9.67741935483871,300.0,squish,0.4625,46,206.60336402046235,0.00452,0.0001229272594305718,40.68805309734514
17,30.0,9.67741935483871,300.0,dots,118125.0,45,206.60336402046235,0.05039,0.003573498130528249,3.649732089700338
17,5.0,50.0,300.0,squish,0.4625,46,206.60336402046235,0.00449,0.00015238839267549934,41.187082405345215
17,5.0,50.0,300.0,dots,118125.0,45,206.60336402046235,0.05061,0.005855756901450818,3.654020944477376
17,5.0,50.0,300.0,dp,300.0,25,292.85540236369275,0.0062,0.00018856180831641251,29.827419354838714
17,5.0,50.0,300.0,sots,,24,250.0000000000004,0.18493,0.002040179730644663,1.0
17,5.0,50.0,300.0,reference,,24,250.0000000000004,0.18217,0.004329241657996618,1.0151506834275676
17,0.5,200.0,300.0,reference,,24,299.9999999999995,1.69029,0.253464752973663,1.0286459719929715
17,0.5,200.0,300.0,sots,,24,299.9999999999995,1.73871,0.47750510747704744,1.0
17,0.5,200.0,300.0,squish,0.4625,46,206.60336402046235,0.00453,0.00020575065816014608,383.8211920529801
17,0.5,200.0,300.0,dp,300.0,25,292.85540236369275,0.00634,0.0004857983120596448,274.24447949526814
17,0.5,200.0,300.0,dots,118125.0,45,206.60336402046235,0.05112,0.005629643762165498,34.012323943661976
17,0.1,272.727272727273,300.0,dp,300.0,25,292.85540236369275,0.00634,0.0003062315754094893,2091.3249211356465
17,0.1,272.727272727273,300.0,sots,,22,300.0000000000008,13.259,0.7573960669439881,1.0
17,0.1,272.727272727273,300.0,dots,118125.0,45,206.60336402046235,0.05063,0.00573392438813845,261.88030811771677
17,0.1,272.727272727273,300.0,squish,0.4625,46,206.60336402046235,0.00456,0.00017763883459298967,2907.6754385964914
17,0.1,272.727272727273,300.0,reference,,22,300.0000000000008,14.60173,0.7170765851706493,0.9080430880450467
17,299.0,3.33333333333333,1000.0,squish,0.1425,14,887.0594223965171,0.00365,8.49836585598798e-05,62.72876712328767
17,299.0,3.33333333333333,1000.0,sots,,12,996.6666666666656,0.22896,0.006220610902475731,1.0
17,299.0,3.33333333333333,1000.0,dp,1000.0,11,911.9147793719651,0.0035700000000000003,0.0007211872926716824,64.1344537815126
17,299.0,3.33333333333333,1000.0,reference,,12,996.6666666666656,0.22611,0.004256615765814169,1.0126044845429216
17,299.0,3.33333333333333,1000.0,dots,3250000.0,19,972.8952801027827,0.0565,0.0060641020220089745,4.052389380530974
17,30.0,32.258064516129,1000.0,dp,1000.0,11,911.9147793719651,0.0034,0.00019999999999999998,69.02941176470588
17,30.0,32.258064516129,1000.0,sots,,12,967.7419354838702,0.2347,0.0155480616869828,1.0
17,30.0,32.258064516129,1000.0,squish,0.1425,14,887.0594223965171,0.00367,0.00019465068427541917,63.95095367847411
17,30.0,32.258064516129,1000.0,dots,3250000.0,19,972.8952801027827,0.05449,0.005985436027930165,4.3072123325380804
17,30.0,32.258064516129,1000.0,reference,,12,967.7419354838702,0.234,0.014369102655041165,1.002991452991453
17,5.0,166.666666666667,1000.0,reference,,14,833.3333333333352,0.23657,0.004865079649913244,1.014921587690747
17,5.0,166.666666666667,1000.0,dp,1000.0,11,911.9147793719651,0.00327,0.0002668749186833079,73.4250764525994
17,5.0,166.666666666667,1000.0,dots,3250000.0,19,972.8952801027827,0.05435,0.00484223318544473,4.417663293468261
17,5.0,166.666666666667,1000.0,sots,,14,833.3333333333352,0.2401,0.007398498346136046,1.0
17,5.0,166.666666666667,1000.0,squish,0.1425,14,887.0594223965171,0.00371,0.00018529256146249728,64.71698113207547
17,0.5,666.666666666667,1000.0,squish,0.1425,14,887.0594223965171,0.00371,0.00037252889522529364,527.4366576819407
17,0.5,666.666666666667,1000.0,dp,1000.0,11,911.9147793719651,0.00332,0.00010327955589886436,589.394578313253
17,0.5,666.666666666667,1000.0,reference,,12,971.8253158075507,2.05168,0.021500067183357504,0.9537500974810886
17,0.5,666.666666666667,1000.0,sots,,12,971.8253158075507,1.95679,0.035840710868446216,1.0
17,0.5,666.666666666667,1000.0,dots,3250000.0,19,972.8952801027827,0.05628,0.009789654403161192,34.76883439943142
17,0.1,909.090909090909,1000.0,dp,1000.0,11,911.9147793719651,0.00335,0.0002677063067368169,5297.614925373134
17,0.1,909.090909090909,1000.0,squish,0.1425,14,887.0594223965171,0.0038,0.0004472135954999579,4670.265789473684
17,0.1,909.090909090909,1000.0,reference,,12,999.9999999999998,19.85138,0.5345551188709264,0.8939937676876872
17,0.1,909.090909090909,1000.0,dots,3250000.0,19,972.8952801027827,0.06392,0.027466011319042628,277.6440863579474
17,0.1,909.090909090909,1000.0,sots,,12,999.9999999999998,17.74701,0.3958053602747466,1.0
18,299.0,1.0,300.0,sots,,6,299.00000000000017,0.02554,0.002146935800934284,1.0
18,299.0,1.0,300.0,dots,1e-09,5,0.0,0.01167,0.0019922349259060786,2.1885175664095975
18,299.0,1.0,300.0,dp,0.0,5,0.0,0.00129,0.00015951314818673867,19.798449612403104
18,299.0,1.0,300.0,reference,,6,299.00000000000017,0.02445,0.0016249786323381474,1.0445807770961146
18,299.0,1.0,300.0,squish,1.0,5,0.0,0.0003,0.00011547005383792516,85.13333333333334
18,30.0,9.67741935483871,300.0,reference,,6,290.3225806451618,0.024829999999999998,0.002479269605706039,1.0575916230366493
18,30.0,9.67741935483871,300.0,squish,1.0,5,0.0,0.00031,5.676462121975468e-05,84.70967741935483
18,30.0,9.67741935483871,300.0,sots,,6,290.3225806451618,0.02626,0.0011067469850371805,1.0
18,30.0,9.67741935483871,300.0,dots,1e-09,5,0.0,0.01126,0.0014721111069179226,2.3321492007104796
18,30.0,9.67741935483871,300.0,dp,0.0,5,0.0,0.00132,0.00012292725943057183,19.893939393939394
18,5.0,50.0,300.0,dots,1e-09,5,0.0,0.011049999999999999,0.0015904227250779727,2.319457013574661
18,5.0,50.0,300.0,sots,,6,250.00000000000057,0.02563,0.0010122033173012013,1.0
18,5.0,50.0,300.0,dp,0.0,5,0.0,0.00138,0.00012292725943057188,18.57246376811594
18,5.0,50.0,300.0,reference,,6,250.00000000000057,0.02427,0.0007902882737049534,1.0560362587556655
18,5.0,50.0,300.0,squish,1.0,5,0.0,0.00028,9.189365834726815e-05,91.53571428571429
18,0.5,200.0,300.0,squish,1.0,5,0.0,0.00031,5.676462121975468e-05,236.67741935483872
18,0.5,200.0,300.0,reference,,6,291.547594742265,0.07027,0.00470461947924,1.0441155542905936
18,0.5,200.0,300.0,dots,1e-09,5,0.0,0.01116,0.0008126773310757749,6.574372759856631
18,0.5,200.0,300.0,sots,,6,291.547594742265,0.07337,0.00890356358119851,1.0
18,0.5,200.0,300.0,dp,0.0,5,0.0,0.00126,0.00016465452046971293,58.230158730158735
18,0.1,272.727272727273,300.0,dp,0.0,5,0.0,0.00139,0.00017919573407620815,311.48920863309354
18,0.1,272.727272727273,300.0,dots,1e-09,5,0.0,0.01103,0.002278912996242824,39.25385312783318
18,0.1,272.727272727273,300.0,reference,,6,297.04119423807253,0.3928,0.02998084573708873,1.102265784114053
18,0.1,272.727272727273,300.0,sots,,6,297.04119423807253,0.43297,0.08563376865076845,1.0
18,0.1,272.727272727273,300.0,squish,1.0,5,0.0,0.00026,8.432740427115677e-05,1665.269230769231
18,299.0,3.33333333333333,1000.0,sots,,4,996.6666666666655,0.03181,0.00996643812446999,1.0
18,299.0,3.33333333333333,1000.0,dots,1e-09,5,0.0,0.01074,0.0008167687011088948,2.961824953445065
18,299.0,3.33333333333333,1000.0,reference,,4,996.6666666666655,0.02659,0.0016795832816505407,1.1963144039112448
18,299.0,3.33333333333333,1000.0,dp,0.0,5,0.0,0.00141,0.0001969207398365591,22.56028368794326
18,299.0,3.33333333333333,1000.0,squish,1.0,5,0.0,0.0003,8.164965809277261e-05,106.03333333333333
18,30.0,32.258064516129,1000.0,reference,,4,967.7419354838701,0.02729,0.0013835943528843027,1.2693294246976914
18,30.0,32.258064516129,1000.0,dots,1e-09,5,0.0,0.0114,0.001967513941783161,3.03859649122807
18,30.0,32.258064516129,1000.0,squish,1.0,5,0.0,0.00031999999999999997,6.32455532033676e-05,108.25
18,30.0,32.258064516129,1000.0,dp,0.0,5,0.0,0.00141,0.00015951314818673872,24.56737588652482
18,30.0,32.258064516129,1000.0,sots,,4,967.7419354838701,0.03464,0.020116670809168312,1.0
18,5.0,166.666666666667,1000.0,dots,1e-09,5,0.0,0.01091,0.0012696893758361181,2.4793767186067828
18,5.0,166.666666666667,1000.0,squish,1.0,5,0.0,0.00025,7.071067811865474e-05,108.2
18,5.0,166.666666666667,1000.0,reference,,4,833.3333333333351,0.0247,0.0009225568335398692,1.0951417004048583
18,5.0,166.666666666667,1000.0,sots,,4,833.3333333333351,0.02705,0.0027625471338362114,1.0
18,5.0,166.666666666667,1000.0,dp,0.0,5,0.0,0.00132,0.00022997584414213788,20.492424242424242
18,0.5,666.666666666667,1000.0,dp,0.0,5,0.0,0.00131,0.00026436506745197805,70.18320610687023
18,0.5,666.666666666667,1000.0,sots,,4,985.275020860733,0.09194000000000001,0.016757167620653164,1.0
18,0.5,666.666666666667,1000.0,reference,,4,985.275020860733,0.08329,0.0036007560934398822,1.1038540040821228
18,0.5,666.666666666667,1000.0,squish,1.0,5,0.0,0.00033,8.232726023485648e-05,278.6060606060606
18,0.5,666.666666666667,1000.0,dots,1e-09,5,0.0,0.01073,0.001639817062967696,8.568499534016777
18,0.1,909.090909090909,1000.0,dp,0.0,5,0.0,0.00129,0.00012866839377079187,387.1782945736434
18,0.1,909.090909090909,1000.0,reference,,4,998.4492107494913,0.51152,0.007746511759782243,0.9764232092586801
18,0.1,909.090909090909,1000.0,sots,,4,998.4492107494913,0.49946,0.007519338032329989,1.0
18,0.1,909.090909090909,1000.0,squish,1.0,5,0.0,0.0003,0.0001247219128924647,1664.8666666666668
18,0.1,909.090909090909,1000.0,dots,1e-09,5,0.0,0.01065,0.0010002777392082438,46.89765258215963
19,299.0,1.0,300.0,dp,103.125,43,97.59822371899028,0.00947,0.0002750757471437036,19.99894403379092
19,299.0,1.0,300.0,dots,258750.0,25,295.9465758599157,0.05215,0.003225333746727272,3.6316395014381593
19,299.0,1.0,300.0,reference,,26,299.00000000000017,0.18542999999999998,0.008466541993832748,1.0213557676751335
19,299.0,1.0,300.0,sots,,26,299.00000000000017,0.18939,0.004438330516959927,1.0
19,299.0,1.0,300.0,squish,0.3825,38,279.562002902525,0.0045,0.00016329931618554527,42.08666666666667
19,30.0,9.67741935483871,300.0,dots,258750.0,25,295.9465758599157,0.05168,0.0025213752860955333,3.4251160990712077
19,30.0,9.67741935483871,300.0,reference,,26,290.3225806451615,0.17534,0.006737490465876578,1.0095243526862097
19,30.0,9.67741935483871,300.0,dp,103.125,43,97.59822371899028,0.00945,0.00046963342678684567,18.73121693121693
19,30.0,9.67741935483871,300.0,sots,,26,290.3225806451615,0.17701,0.004447333783040996,1.0
19,30.0,9.67741935483871,300.0,squish,0.3825,38,279.562002902525,0.00449,9.944289260117523e-05,39.42316258351893
19,5.0,50.0,300.0,squish,0.3825,38,279.562002902525,0.00462,0.00030110906108363254,45.41991341991342
19,5.0,50.0,300.0,dots,258750.0,25,295.9465758599157,0.05316,0.0035261562327522844,3.947328818660647
19,5.0,50.0,300.0,reference,,30,249.99999999999991,0.21663,0.015044234776152623,0.96865623413193
19,5.0,50.0,300.0,sots,,30,249.99999999999991,0.20984,0.001732179102877199,1.0
19,5.0,50.0,300.0,dp,103.125,43,97.59822371899028,0.00967,0.00048773854562551155,21.70010341261634
19,0.5,200.0,300.0,dp,103.125,43,97.59822371899028,0.00938,0.00024404006956964166,170.08422174840086
19,0.5,200.0,300.0,dots,258750.0,25,295.9465758599157,0.05267,0.0027231721698538747,30.29029808239985
19,0.5,200.0,300.0,squish,0.3825,38,279.562002902525,0.00467,0.0005165053511608354,341.62526766595295
19,0.5,200.0,300.0,sots,,22,299.9999999999997,1.59539,0.007400517999888013,1.0
19,0.5,200.0,300.0,reference,,22,299.9999999999997,1.6682,0.03542346993480767,0.9563541541781562
19,0.1,272.727272727273,300.0,dots,258750.0,25,295.9465758599157,0.05274,0.00380356557865263,245.22828972317023
19,0.1,272.727272727273,300.0,sots,,22,299.5347632248476,12.93334,0.28818928656160864,1.0
19,0.1,272.727272727273,300.0,squish,0.3825,38,279.562002902525,0.00447,0.00016363916944844755,2893.364653243848
19,0.1,272.727272727273,300.0,dp,103.125,43,97.59822371899028,0.00965,0.0003064129385141707,1340.242487046632
19,0.1,272.727272727273,300.0,reference,,22,299.5347632248476,14.29597,0.26959489794875585,0.9046843271215593
19,299.0,3.33333333333333,1000.0,dp,1000.0,10,907.0334597587065,0.00306,0.00023664319132398474,73.94771241830067
19,299.0,3.33333333333333,1000.0,squish,0.1825,18,771.821570200301,0.00421,0.0002960855732160327,53.74821852731591
19,299.0,3.33333333333333,1000.0,dots,3000000.0,13,822.6299947704634,0.06491,0.0065470010097923624,3.486057618240641
19,299.0,3.33333333333333,1000.0,reference,,10,996.6666666666656,0.22242,0.007012813668960235,1.0173545544465425
19,299.0,3.33333333333333,1000.0,sots,,10,996.6666666666656,0.22628,0.0030250068870445,1.0
19,30.0,32.258064516129,1000.0,squish,0.1825,18,771.821570200301,0.00406,0.00013498971154211057,54.44581280788177
19,30.0,32.258064516129,1000.0,reference,,10,967.7419354838698,0.21852,0.004285583066774251,1.0115778876075416
19,30.0,32.258064516129,1000.0,dots,3000000.0,13,822.6299947704634,0.06261,0.0032405246488801786,3.530586168343715
19,30.0,32.258064516129,1000.0,dp,1000.0,10,907.0334597587065,0.00302,0.00013165611772087665,73.19536423841059
19,30.0,32.258064516129,1000.0,sots,,10,967.7419354838698,0.22105,0.0015728600983205409,1.0
19,5.0,166.666666666667,1000.0,reference,,10,833.333333333335,0.18821,0.0035569806171964293,1.0079698209446895
19,5.0,166.666666666667,1000.0,dp,1000.0,10,907.0334597587065,0.0030499999999999998,0.0001509230856356236,62.2
19,5.0,166.666666666667,1000.0,dots,3000000.0,13,822.6299947704634,0.06239,0.0036981827369068124,3.040711652508415
19,5.0,166.666666666667,1000.0,sots,,10,833.333333333335,0.18971,0.0034607160466521318,1.0
19,5.0,166.666666666667,1000.0,squish,0.1825,18,771.821570200301,0.0040999999999999995,0.00016996731711975955,46.270731707317076
19,0.5,666.666666666667,1000.0,dp,1000.0,10,907.0334597587065,0.00296,0.00014298407059684814,551.9358108108108
19,0.5,666.666666666667,1000.0,dots,3000000.0,13,822.6299947704634,0.06092,0.0037213498148446675,26.817629678266577
19,0.5,666.666666666667,1000.0,squish,0.1825,18,771.821570200301,0.00414,0.0002458545188611437,394.6207729468599
19,0.5,666.666666666667,1000.0,sots,,8,971.8253158075506,1.63373,0.016004377873291783,1.0
19,0.5,666.666666666667,1000.0,reference,,8,971.8253158075506,1.72204,0.004936305411044887,0.9487177998188194
19,0.1,909.090909090909,1000.0,dp,1000.0,10,907.0334597587065,0.00307,0.0002496664441476535,4341.039087947883
19,0.1,909.090909090909,1000.0,squish,0.1825,18,771.821570200301,0.00419,0.00029608557321603266,3180.6658711217183
19,0.1,909.090909090909,1000.0,reference,,8,992.7100757013561,14.85155,0.19952417982122697,0.8973467415858951
19,0.1,909.090909090909,1000.0,sots,,8,992.7100757013561,13.32699,0.10994530407838655,1.0
19,0.1,909.090909090909,1000.0,dots,3000000.0,13,822.6299947704634,0.060969999999999996,0.002310387172940693,218.58274561259637
20,299.0,1.0,300.0,sots,,4,299.00000000000017,0.32012,0.004124937709967398,1.0
20,299.0,1.0,300.0,dp,300.0,5,137.92021990753136,0.00202,0.00016193277068654824,158.47524752475246
20,299.0,1.0,300.0,dots,2880000.0,4,242.37222126471764,0.06266,0.007116053837782723,5.108841366102777
20,299.0,1.0,300.0,squish,0.0825,8,208.5097305148784,0.00271,0.00011005049346146114,118.12546125461255
20,299.0,1.0,300.0,reference,,4,299.00000000000017,0.31248,0.0028650382972038074,1.0244495647721454
20,30.0,9.67741935483871,300.0,sots,,4,290.3225806451605,0.31644,0.0032142737213180133,1.0
20,30.0,9.67741935483871,300.0,dp,300.0,5,137.92021990753136,0.00187,0.00011595018087284058,169.2192513368984
20,30.0,9.67741935483871,300.0,squish,0.0825,8,208.5097305148784,0.00275,0.00011785113019775784,115.06909090909092
20,30.0,9.67741935483871,300.0,dots,2880000.0,4,242.37222126471764,0.06132,0.0045686856850618305,5.160469667318982
20,30.0,9.67741935483871,300.0,reference,,4,290.3225806451605,0.31485,0.005858564480978054,1.005050023820867
20,5.0,50.0,300.0,dots,2880000.0,4,242.37222126471764,0.05969,0.002266397042787418,5.079745350980064
20,5.0,50.0,300.0,squish,0.0825,8,208.5097305148784,0.00275,0.00015092308563562358,110.25818181818181
20,5.0,50.0,300.0,sots,,4,249.99999999999991,0.30321,0.005697650587937298,1.0
20,5.0,50.0,300.0,dp,300.0,5,137.92021990753136,0.00191,7.378647873726222e-05,158.74869109947642
20,5.0,50.0,300.0,reference,,4,249.99999999999991,0.29842,0.0025706894881421275,1.0160512030024795
20,0.5,200.0,300.0,dp,300.0,5,137.92021990753136,0.00196,0.00015055453054181622,1262.9234693877552
20,0.5,200.0,300.0,squish,0.0825,8,208.5097305148784,0.00277,0.00010593499054713794,893.6209386281589
20,0.5,200.0,300.0,sots,,4,291.54759474226506,2.47533,0.015527184047484122,1.0
20,0.5,200.0,300.0,reference,,4,291.54759474226506,2.54217,0.0066494861956895735,0.9737075018586483
20,0.5,200.0,300.0,dots,2880000.0,4,242.37222126471764,0.05964,0.002879506130494525,41.504527162977865
20,0.1,272.727272727273,300.0,dp,300.0,5,137.92021990753136,0.00207,0.0003529242915351046,9739.183574879227
20,0.1,272.727272727273,300.0,reference,,4,298.24278737759414,22.267970000000002,0.6817032656026618,0.9053411694016112
20,0.1,272.727272727273,300.0,dots,2880000.0,4,242.37222126471764,0.06141,0.004963298634308975,328.2870867936818
20,0.1,272.727272727273,300.0,sots,,4,298.24278737759414,20.16011,0.37625524566295254,1.0
20,0.1,272.727272727273,300.0,squish,0.0825,8,208.5097305148784,0.00277,0.0001636391694484477,7278.0180505415165
20,299.0,3.33333333333333,1000.0,squish,0.0325,3,664.534416370571,0.00147,0.00017029386365926402,234.53741496598641
20,299.0,3.33333333333333,1000.0,dots,32000000.0,2,706.5057708643475,0.04589,0.000984829370443881,7.512965787753323
20,299.0,3.33333333333333,1000.0,reference,,2,996.6666666666654,0.34777,0.005085502269523957,0.9913736089944504
20,299.0,3.33333333333333,1000.0,dp,1000.0,2,706.5057708643475,0.00074,8.43274042711568e-05,465.9054054054054
20,299.0,3.33333333333333,1000.0,sots,,2,996.6666666666654,0.34477,0.0023012315543348987,1.0
20,30.0,32.258064516129,1000.0,dots,32000000.0,2,706.5057708643475,0.04752,0.001495771818605142,7.9400252525252535
20,30.0,32.258064516129,1000.0,sots,,2,967.7419354838702,0.37731000000000003,0.008226441109819805,1.0
20,30.0,32.258064516129,1000.0,dp,1000.0,2,706.5057708643475,0.00079,0.00011005049346146119,477.6075949367089
20,30.0,32.258064516129,1000.0,squish,0.0325,3,664.534416370571,0.00152,0.000214993539954628,248.23026315789474
20,30.0,32.258064516129,1000.0,reference,,2,967.7419354838702,0.3796,0.007634279417353176,0.9939673340358273
20,5.0,166.666666666667,1000.0,reference,,2,833.3333333333351,0.37522,0.002782405034817499,1.003118170673205
20,5.0,166.666666666667,1000.0,sots,,2,833.3333333333351,0.37639,0.0043646178399590575,1.0
20,5.0,166.666666666667,1000.0,dots,32000000.0,2,706.5057708643475,0.04926,0.006143144326989415,7.640885099472189
20,5.0,166.666666666667,1000.0,squish,0.0325,3,664.534416370571,0.00145,0.00027182510717166825,259.5793103448276
20,5.0,166.666666666667,1000.0,dp,1000.0,2,706.5057708643475,0.00084,0.0002270584848790187,448.0833333333333
20,0.5,666.666666666667,1000.0,dp,1000.0,2,706.5057708643475,0.00083,0.0001567021236472421,2868.457831325301
20,0.5,666.666666666667,1000.0,squish,0.0325,3,664.534416370571,0.00139,9.944289260117536e-05,1712.820143884892
20,0.5,666.666666666667,1000.0,sots,,2,971.8253158075504,2.38082,0.09953496091547154,1.0
20,0.5,666.666666666667,1000.0,dots,32000000.0,2,706.5057708643475,0.04715,0.0031927870096341983,50.49459172852598
20,0.5,666.666666666667,1000.0,reference,,2,971.8253158075504,2.52976,0.05109701448116987,0.9411248497881222
20,0.1,909.090909090909,1000.0,dots,32000000.0,2,706.5057708643475,0.04759,0.005831609269032577,443.6003362050851
20,0.1,909.090909090909,1000.0,sots,,2,996.3580882889319,21.11094,0.0893429372946988,1.0
20,0.1,909.090909090909,1000.0,dp,1000.0,2,706.5057708643475,0.00078,0.00012292725943057183,27065.30769230769
20,0.1,909.090909090909,1000.0,squish,0.0325,3,664.534416370571,0.00146,0.00011737877907772673,14459.54794520548
20,0.1,909.090909090909,1000.0,reference,,2,996.3580882889319,23.2869,0.2745755309968866,0.9065586230885175
21,299.0,1.0,300.0,squish,0.24872448979591838,146,269.6289340807464,0.0567,0.0004268749491621886,21.52804232804233
21,299.0,1.0,300.0,dots,90000.0,128,269.6289340807464,0.19136,0.012080029433371055,6.37876254180602
21,299.0,1.0,300.0,dp,178.125,107,177.51875914330518,0.02489,0.00033482997343593833,49.04138208115709
21,299.0,1.0,300.0,sots,,92,299.00000000000034,1.22064,0.003820761994971984,1.0
21,299.0,1.0,300.0,reference,,92,299.00000000000034,1.25773,0.008120077996341374,0.9705103639095831
21,30.0,9.67741935483871,300.0,dp,178.125,107,177.51875914330518,0.02478,0.000500666222813829,49.09281678773204
21,30.0,9.67741935483871,300.0,reference,,90,290.32258064516185,1.24962,0.00508282511120649,0.9735119476320803
21,30.0,9.67741935483871,300.0,dots,90000.0,128,269.6289340807464,0.18937,0.005398158122092305,6.424037598352432
21,30.0,9.67741935483871,300.0,squish,0.24872448979591838,146,269.6289340807464,0.05634,0.0004948624949305511,21.59247426340078
21,30.0,9.67741935483871,300.0,sots,,90,290.32258064516185,1.21652,0.005558137177948108,1.0
21,5.0,50.0,300.0,dots,90000.0,128,269.6289340807464,0.18901,0.0033676401232910864,7.396539865615575
21,5.0,50.0,300.0,squish,0.24872448979591838,146,269.6289340807464,0.05625,0.0004719934086168765,24.85368888888889
21,5.0,50.0,300.0,sots,,96,250.00000000000088,1.39802,0.005537508465004825,1.0
21,5.0,50.0,300.0,dp,178.125,107,177.51875914330518,0.02466,0.00040055517028799456,56.69180859691809
21,5.0,50.0,300.0,reference,,96,250.00000000000088,1.42882,0.005647772422232791,0.978443750787363
21,0.5,200.0,300.0,sots,,86,300.00000000000017,9.624649999999999,0.03055411410741439,1.0
21,0.5,200.0,300.0,dots,90000.0,128,269.6289340807464,0.18864,0.0028535358183605615,51.02125742154367
21,0.5,200.0,300.0,squish,0.24872448979591838,146,269.6289340807464,0.05627,0.00038887301554906396,171.0440732184112
21,0.5,200.0,300.0,dp,178.125,107,177.51875914330518,0.02487,0.0004029061098237825,386.99839163650984
21,0.5,200.0,300.0,reference,,86,300.00000000000017,10.75058,0.04944264466137614,0.8952679762394214
21,0.1,272.727272727273,300.0,dp,178.125,107,177.51875914330518,0.02555,0.001940360791193225,3568.5424657534245
21,0.1,272.727272727273,300.0,dots,90000.0,128,269.6289340807464,0.19804,0.018380073751514472,460.39315289840437
21,0.1,272.727272727273,300.0,reference,,86,300.00000000000085,105.24035,0.46980895230579406,0.8663621890273074
21,0.1,272.727272727273,300.0,squish,0.24872448979591838,146,269.6289340807464,0.05665,0.0010244239573752873,1609.4661959399823
21,0.1,272.727272727273,300.0,sots,,86,300.00000000000085,91.17626,0.8760134324185788,1.0
21,299.0,3.33333333333333,1000.0,squish,0.14498299319727892,85,828.8109744189965,0.04087,0.007571444893663149,25.627110349889897
21,299.0,3.33333333333333,1000.0,dp,421.875,74,665.7421740552596,0.02132,0.00152373809356391,49.126641651031896
21,299.0,3.33333333333333,1000.0,reference,,48,996.6745829275534,1.07566,0.00749951109517592,0.9737091646059163
21,299.0,3.33333333333333,1000.0,dots,1593750.0,76,841.8165239177072,0.16693,0.004065040658536581,6.274366500928533
21,299.0,3.33333333333333,1000.0,sots,,48,996.6745829275534,1.04738,0.006858862879515792,1.0
21,30.0,32.258064516129,1000.0,dp,421.875,74,665.7421740552596,0.02095,0.0003865804501581065,55.8873508353222
21,30.0,32.258064516129,1000.0,dots,1593750.0,76,841.8165239177072,0.18413,0.020651072073327763,6.358768261554338
21,30.0,32.258064516129,1000.0,reference,,50,967.7471311162767,1.2150699999999999,0.04016286427368779,0.9635988050071191
21,30.0,32.258064516129,1000.0,squish,0.14498299319727892,85,828.8109744189965,0.03955,0.003132358004230467,29.604045512010114
21,30.0,32.258064516129,1000.0,sots,,50,967.7471311162767,1.17084,0.033875661535155956,1.0
21,5.0,166.666666666667,1000.0,dots,1593750.0,76,841.8165239177072,0.17101,0.012827873297368243,8.097070346763347
21,5.0,166.666666666667,1000.0,dp,421.875,74,665.7421740552596,0.02077,0.00037727090178455824,66.66730861819931
21,5.0,166.666666666667,1000.0,sots,,56,833.3333333333358,1.38468,0.008299638546346466,1.0
21,5.0,166.666666666667,1000.0,squish,0.14498299319727892,85,828.8109744189965,0.03856,0.000697933457509461,35.9097510373444
21,5.0,166.666666666667,1000.0,reference,,56,833.3333333333358,1.43069,0.007593337723147666,0.9678406922533882
21,0.5,666.666666666667,1000.0,dots,1593750.0,76,841.8165239177072,0.16894,0.007111836768530494,51.78945187640582
21,0.5,666.666666666667,1000.0,reference,,44,1000.0000000000006,9.390830000000001,0.04554655859667106,0.9316865495382196
21,0.5,666.666666666667,1000.0,dp,421.875,74,665.7421740552596,0.02066,0.0004903513479582209,423.4903194578896
21,0.5,666.666666666667,1000.0,squish,0.14498299319727892,85,828.8109744189965,0.038419999999999996,0.00044171383395939817,227.7280062467465
21,0.5,666.666666666667,1000.0,sots,,44,1000.0000000000006,8.74931,0.04403307973684256,1.0
21,0.1,909.090909090909,1000.0,dots,1593750.0,76,841.8165239177072,0.17727,0.011790490518492716,442.5644497094827
21,0.1,909.090909090909,1000.0,sots,,40,1000.0000000000003,78.4534,2.46418141197257,1.0
21,0.1,909.090909090909,1000.0,dp,421.875,74,665.7421740552596,0.0219,0.0034289616180088376,3582.3470319634707
21,0.1,909.090909090909,1000.0,squish,0.14498299319727892,85,828.8109744189965,0.03931,0.002620623335518989,1995.7618926481814
21,0.1,909.090909090909,1000.0,reference,,40,1000.0000000000003,90.15366,3.097298482082587,0.8702186910658979
22,299.0,1.0,300.0,dp,53.90625,566,83.20250137890292,0.12723,0.05290337208324038,13.152951347952527
22,299.0,1.0,300.0,sots,,276,299.0016769815913,1.67345,0.15853865459249994,1.0
22,299.0,1.0,300.0,dots,114785.15625,503,282.9780672224266,0.42193,0.028142891346365485,3.9661792240419027
22,299.0,1.0,300.0,reference,,276,299.0016769815913,1.57445,0.034302324184294596,1.0628791006383183
22,299.0,1.0,300.0,squish,0.60025,600,282.9780672224265,0.22444,0.04021791198513971,7.456112992336482
22,30.0,9.67741935483871,300.0,dp,53.90625,566,83.20250137890292,0.11398,0.004968523142969368,13.704509563081244
22,30.0,9.67741935483871,300.0,reference,,280,290.3225806451618,1.54018,0.0521205824133913,1.0141931462556324
22,30.0,9.67741935483871,300.0,dots,114785.15625,503,282.9780672224266,0.41358,0.01753933990902863,3.776875090671696
22,30.0,9.67741935483871,300.0,sots,,280,290.3225806451618,1.56204,0.06501771040775485,1.0
22,30.0,9.67741935483871,300.0,squish,0.60025,600,282.9780672224265,0.21034,0.009108750371666429,7.4262622420842455
22,5.0,50.0,300.0,squish,0.60025,600,282.9780672224265,0.25622,0.0983024787751221,7.754663960658808
22,5.0,50.0,300.0,dots,114785.15625,503,282.9780672224266,0.58251,0.2684156372742343,3.41092856774991
22,5.0,50.0,300.0,reference,,304,250.001324887962,1.67848,0.4435058907287603,1.1837495829560079
22,5.0,50.0,300.0,dp,53.90625,566,83.20250137890292,0.11717999999999999,0.017205929210594818,16.955965181771635
22,5.0,50.0,300.0,sots,,304,250.001324887962,1.9868999999999999,0.5550679177662254,1.0
22,0.5,200.0,300.0,dots,114785.15625,503,282.9780672224266,0.41802,0.03378029668970425,40.87828333572556
22,0.5,200.0,300.0,sots,,252,300.0000000000001,17.08794,3.7130399974504273,1.0
22,0.5,200.0,300.0,squish,0.60025,600,282.9780672224265,0.25163,0.10184495896541304,67.90899336327146
22,0.5,200.0,300.0,dp,53.90625,566,83.20250137890292,0.1152,0.00493716067751046,148.3328125
22,0.5,200.0,300.0,reference,,252,300.0000000000001,16.82305,2.1355150652451247,1.015745658486422
22,0.1,272.727272727273,300.0,reference,,250,300.0000000000005,139.15436,7.344015426968791,0.9042116969960553
22,0.1,272.727272727273,300.0,squish,0.60025,600,282.9780672224265,0.2199,0.008278217736257544,572.1919054115507
22,0.1,272.727272727273,300.0,sots,,250,300.0000000000005,125.825,5.0993606801898865,1.0
22,0.1,272.727272727273,300.0,dots,114785.15625,503,282.9780672224266,0.47050000000000003,0.12442787290456893,267.42826780021255
22,0.1,272.727272727273,300.0,dp,53.90625,566,83.20250137890292,0.11552,0.006145061250937843,1089.2053324099722
22,299.0,3.33333333333333,1000.0,dots,1421875.0,188,773.3493139903685,0.49882,0.026421699835972354,4.501583737620786
22,299.0,3.33333333333333,1000.0,dp,550.78125,176,930.4594205725876,0.05433,0.001427546457698974,41.3303883673845
22,299.0,3.33333333333333,1000.0,sots,,124,996.6730020038724,2.24548,0.15255225552795557,1.0
22,299.0,3.33333333333333,1000.0,squish,0.28225,282,846.229246463718,0.20783,0.06426701331165156,10.804407448395324
22,299.0,3.33333333333333,1000.0,reference,,124,996.6730020038724,2.2049,0.07385527890558816,1.018404462787428
22,30.0,32.258064516129,1000.0,sots,,128,967.7481903874155,2.14391,0.11563317911011144,1.0
22,30.0,32.258064516129,1000.0,dots,1421875.0,188,773.3493139903685,0.47892,0.04362819679468261,4.476551407333166
22,30.0,32.258064516129,1000.0,squish,0.28225,282,846.229246463718,0.18251,0.01847138628016617,11.746808394060599
22,30.0,32.258064516129,1000.0,reference,,128,967.7481903874155,2.12119,0.0636853279806268,1.0107109688429607
22,30.0,32.258064516129,1000.0,dp,550.78125,176,930.4594205725876,0.05804,0.015808310050940508,36.938490696071675
22,5.0,166.666666666667,1000.0,reference,,142,833.3333333333354,2.14935,0.09097600721557797,1.0049038081280386
22,5.0,166.666666666667,1000.0,squish,0.28225,282,846.229246463718,0.18054,0.011836309484895287,11.963498393707765
22,5.0,166.666666666667,1000.0,dots,1421875.0,188,773.3493139903685,0.51128,0.07011119422428601,4.22447582537944
22,5.0,166.666666666667,1000.0,sots,,142,833.3333333333354,2.15989,0.1030255895936107,1.0
22,5.0,166.666666666667,1000.0,dp,550.78125,176,930.4594205725876,0.05047,0.002046161718383417,42.79552209233208
22,0.5,666.666666666667,1000.0,reference,,112,1000.0000000000003,17.59026,1.0713890124506602,0.9522707452874487
22,0.5,666.666666666667,1000.0,dp,550.78125,176,930.4594205725876,0.05086,0.0026340505352445732,329.3489972473456
22,0.5,666.666666666667,1000.0,sots,,112,1000.0000000000003,16.75069,0.8545687898323668,1.0
22,0.5,666.666666666667,1000.0,squish,0.28225,282,846.229246463718,0.17929,0.017501266620828713,93.42791008979864
22,0.5,666.666666666667,1000.0,dots,1421875.0,188,773.3493139903685,0.56066,0.31474010866109836,29.876734562836653
22,0.1,909.090909090909,1000.0,dots,1421875.0,188,773.3493139903685,0.43693,0.0060765578706662195,300.93163664660244
22,0.1,909.090909090909,1000.0,reference,,110,1000.0000000000003,140.11425,0.9012391102747912,0.9384203248420486
22,0.1,909.090909090909,1000.0,sots,,110,1000.0000000000003,131.48606,3.399324215912462,1.0
22,0.1,909.090909090909,1000.0,squish,0.28225,282,846.229246463718,0.16546,0.0036524573158963026,794.6697691284903
22,0.1,909.090909090909,1000.0,dp,550.78125,176,930.4594205725876,0.048979999999999996,0.0026292373207622175,2684.4846876276033
23,299.0,1.0,300.0,sots,,88,299.0024746838429,1.87785,0.02713182837759206,1.0
23,299.0,1.0,300.0,dp,262.5,96,291.0361201785837,0.03165,0.002737090913116819,59.33175355450238
23,299.0,1.0,300.0,dots,126562.5,147,249.45450049307635,0.35957,0.013545975212012035,5.222487971744028
23,299.0,1.0,300.0,reference,,88,299.0024746838429,1.88172,0.016810036684473152,0.9979433709584847
23,299.0,1.0,300.0,squish,0.18425,184,298.21817559617375,0.11903999999999999,0.0031959001514092664,15.774949596774194
23,30.0,9.67741935483871,300.0,dots,126562.5,147,249.45450049307635,0.3686,0.01789711336128446,4.9679055887140535
23,30.0,9.67741935483871,300.0,squish,0.18425,184,298.21817559617375,0.11919,0.0014685215543380873,15.363453309841429
23,30.0,9.67741935483871,300.0,reference,,88,290.32258064516157,1.8435,0.009533449882737476,0.9933116354759968
23,30.0,9.67741935483871,300.0,sots,,88,290.32258064516157,1.83117,0.005607544521049787,1.0
23,30.0,9.67741935483871,300.0,dp,262.5,96,291.0361201785837,0.03144,0.0018910314645716512,58.243320610687014
23,5.0,50.0,300.0,dp,262.5,96,291.0361201785837,0.03645,0.013682369028140637,49.41262002743484
23,5.0,50.0,300.0,reference,,98,250.00220553833284,1.81103,0.07475300142617841,0.9945114106337278
23,5.0,50.0,300.0,dots,126562.5,147,249.45450049307635,0.38196,0.016933346456687825,4.7153890459734
23,5.0,50.0,300.0,squish,0.18425,184,298.21817559617375,0.12254999999999999,0.00410778393892484,14.696776825785395
23,5.0,50.0,300.0,sots,,98,250.00220553833284,1.80109,0.03583950179465233,1.0
23,0.5,200.0,300.0,sots,,82,300.00000000000017,18.86737,0.40841089345032056,1.0
23,0.5,200.0,300.0,dp,262.5,96,291.0361201785837,0.03177,0.0008628763269180327,593.8737802958766
23,0.5,200.0,300.0,squish,0.18425,184,298.21817559617375,0.12118,0.00375848669310166,155.69706222148872
23,0.5,200.0,300.0,reference,,82,300.00000000000017,20.88104,0.5439408100969158,0.9035646691927223
23,0.5,200.0,300.0,dots,126562.5,147,249.45450049307635,0.39011,0.04687879051340809,48.36423060162518
23,0.1,272.727272727273,300.0,sots,,80,300.00000000000034,202.77486,6.292356745590465,1.0
23,0.1,272.727272727273,300.0,squish,0.18425,184,298.21817559617375,0.12864,0.012787598158632712,1576.297108208955
23,0.1,272.727272727273,300.0,dots,126562.5,147,249.45450049307635,0.39798,0.02874341663755372,509.5101763907734
23,0.1,272.727272727273,300.0,dp,262.5,96,291.0361201785837,0.03293,0.002755217273142396,6157.754631035529
23,0.1,272.727272727273,300.0,reference,,80,300.00000000000034,228.8607,6.311912527030846,0.886018700458401
23,299.0,3.33333333333333,1000.0,sots,,30,996.6666666666656,2.0515499999999998,0.09111043665062014,1.0
23,299.0,3.33333333333333,1000.0,dots,3750000.0,44,878.1721245101472,0.55818,0.02470469141231636,3.675427281522089
23,299.0,3.33333333333333,1000.0,reference,,30,996.6666666666656,2.08908,0.04916190485415398,0.9820351542305703
23,299.0,3.33333333333333,1000.0,squish,0.08325,83,693.0706809121843,0.06673,0.00401526254849335,30.74404315899895
23,299.0,3.33333333333333,1000.0,dp,1000.0,29,852.0948887351997,0.0172,0.0014621141466307549,119.27616279069765
23,30.0,32.258064516129,1000.0,sots,,30,967.7419354838704,2.07723,0.19725028686079693,1.0
23,30.0,32.258064516129,1000.0,reference,,30,967.7419354838704,2.03917,0.12805908401983826,1.0186644566171532
23,30.0,32.258064516129,1000.0,squish,0.08325,83,693.0706809121843,0.06737,0.0044319672080616,30.833160160308744
23,30.0,32.258064516129,1000.0,dots,3750000.0,44,878.1721245101472,0.55289,0.03429050565065757,3.7570402792598894
23,30.0,32.258064516129,1000.0,dp,1000.0,29,852.0948887351997,0.01717,0.0016826236127613994,120.98019801980197
23,5.0,166.666666666667,1000.0,squish,0.08325,83,693.0706809121843,0.06761,0.004501468896062954,24.70167135039195
23,5.0,166.666666666667,1000.0,dots,3750000.0,44,878.1721245101472,0.56019,0.035435213183122434,2.9812742105357115
23,5.0,166.666666666667,1000.0,dp,1000.0,29,852.0948887351997,0.01666,0.0013091133555875817,100.24489795918366
23,5.0,166.666666666667,1000.0,reference,,30,833.333333333335,1.67905,0.06198675933885669,0.9946576933384951
23,5.0,166.666666666667,1000.0,sots,,30,833.333333333335,1.67008,0.06292953378360766,1.0
23,0.5,666.666666666667,1000.0,dots,3750000.0,44,878.1721245101472,0.57391,0.0333641674055665,28.929396595284974
23,0.5,666.666666666667,1000.0,dp,1000.0,29,852.0948887351997,0.01705,0.0008746427842267953,973.7753665689149
23,0.5,666.666666666667,1000.0,sots,,22,971.8253158075505,16.60287,0.5947166777363632,1.0
23,0.5,666.666666666667,1000.0,reference,,22,971.8253158075505,18.0988,0.5919049435696762,0.9173464539085463
23,0.5,666.666666666667,1000.0,squish,0.08325,83,693.0706809121843,0.06605,0.0033387456060955324,251.36820590461772
23,0.1,909.090909090909,1000.0,sots,,20,1000.0000000000001,127.73531,5.320472399128567,1.0
23,0.1,909.090909090909,1000.0,dp,1000.0,29,852.0948887351997,0.01887,0.00565902425825827,6769.226815050344
23,0.1,909.090909090909,1000.0,dots,3750000.0,44,878.1721245101472,0.55291,0.03106106709192213,231.02369282523375
23,0.1,909.090909090909,1000.0,squish,0.08325,83,693.0706809121843,0.06656,0.0034881386312919254,1919.1002103365386
23,0.1,909.090909090909,1000.0,reference,,20,1000.0000000000001,147.77678,6.690062222231819,0.8643801143860355
24,299.0,1.0,300.0,dots,90000.0,114,242.15806730886794,0.23560999999999999,0.016385118587032284,6.721319129069225
24,299.0,1.0,300.0,reference,,66,299.00000000000034,1.67039,0.08856341670112877,0.9480480606325469
24,299.0,1.0,300.0,squish,0.16852678571428573,113,242.15806730886794,0.056690000000000004,0.009809343618317295,27.93455635914623
24,299.0,1.0,300.0,dp,300.0,65,296.6394578667927,0.02053,0.0016666999996666732,77.13638577691184
24,299.0,1.0,300.0,sots,,66,299.00000000000034,1.58361,0.06933486296389588,1.0
24,30.0,9.67741935483871,300.0,dots,90000.0,114,242.15806730886794,0.22821,0.011789774288669725,6.752070461417117
24,30.0,9.67741935483871,300.0,sots,,66,290.3225806451615,1.54089,0.025144314577167433,1.0
24,30.0,9.67741935483871,300.0,reference,,66,290.3225806451615,1.59419,0.04761245051921238,0.9665660931256627
24,30.0,9.67741935483871,300.0,dp,300.0,65,296.6394578667927,0.02058,0.0014250146198080452,74.8731778425656
24,30.0,9.67741935483871,300.0,squish,0.16852678571428573,113,242.15806730886794,0.05332,0.0027482519696870747,28.898912228057018
24,5.0,50.0,300.0,sots,,68,250.00000000000114,1.48635,0.011618687055295408,1.0
24,5.0,50.0,300.0,squish,0.16852678571428573,113,242.15806730886794,0.051609999999999996,0.0005877452206904328,28.799651230381713
24,5.0,50.0,300.0,dots,90000.0,114,242.15806730886794,0.21203,0.009970629089703637,7.0100929113804655
24,5.0,50.0,300.0,dp,300.0,65,296.6394578667927,0.01957,0.0003368151487751773,75.95043433827287
24,5.0,50.0,300.0,reference,,68,250.00000000000114,1.5204,0.006850952893981639,0.9776045777426994
24,0.5,200.0,300.0,reference,,60,299.7351958518337,12.66219,0.04915482230214593,0.8856185225462577
24,0.5,200.0,300.0,dp,300.0,65,296.6394578667927,0.01967,0.0007056124211554728,570.1001525165226
24,0.5,200.0,300.0,squish,0.16852678571428573,113,242.15806730886794,0.05181,0.0013093255261138591,216.442192626906
24,0.5,200.0,300.0,sots,,60,299.7351958518337,11.21387,0.12214719763010885,1.0
24,0.5,200.0,300.0,dots,90000.0,114,242.15806730886794,0.21309,0.005075967340758261,52.62504106246187
24,0.1,272.727272727273,300.0,dots,90000.0,114,242.15806730886794,0.21435,0.010329918790688638,521.4621880102635
24,0.1,272.727272727273,300.0,sots,,60,299.6000936374791,111.77542,2.3559470918413177,1.0
24,0.1,272.727272727273,300.0,dp,300.0,65,296.6394578667927,0.01961,0.00044584501542327295,5699.919428862825
24,0.1,272.727272727273,300.0,reference,,60,299.6000936374791,133.19714,2.210764487783458,0.8391728230801352
24,0.1,272.727272727273,300.0,squish,0.16852678571428573,113,242.15806730886794,0.05136,0.0011107554986484545,2176.3126947040496
24,299.0,3.33333333333333,1000.0,reference,,38,996.6666666666658,1.0369,0.011072187377990525,0.986951490018324
24,299.0,3.33333333333333,1000.0,sots,,38,996.6666666666658,1.0233700000000001,0.007427882904599681,1.0
24,299.0,3.33333333333333,1000.0,dp,765.625,42,738.4466717540093,0.0158,0.00013333333333333396,64.77025316455696
24,299.0,3.33333333333333,1000.0,squish,0.09561011904761904,64,738.4220826353994,0.03408,0.00019321835661585825,30.02846244131456
24,299.0,3.33333333333333,1000.0,dots,2250000.0,64,811.3396147272878,0.24162,0.006850433887312866,4.235452363214966
24,30.0,32.258064516129,1000.0,sots,,38,967.7419354838705,1.10461,0.004979390859666805,1.0
24,30.0,32.258064516129,1000.0,dots,2250000.0,64,811.3396147272878,0.24083,0.006093721723581119,4.5866794004069265
24,30.0,32.258064516129,1000.0,reference,,38,967.7419354838705,1.12161,0.007707781061297016,0.9848432164477849
24,30.0,32.258064516129,1000.0,dp,765.625,42,738.4466717540093,0.01591,0.0002726414006223806,69.4286612193589
24,30.0,32.258064516129,1000.0,squish,0.09561011904761904,64,738.4220826353994,0.03482,0.0020082053901154854,31.723434807581857
24,5.0,166.666666666667,1000.0,reference,,40,833.3333333333353,1.4594,0.00396904690490464,0.9874400438536385
24,5.0,166.666666666667,1000.0,squish,0.09561011904761904,64,738.4220826353994,0.03741,0.00876615334365333,38.520983694199415
24,5.0,166.666666666667,1000.0,dots,2250000.0,64,811.3396147272878,0.23648,0.004154462125902164,6.093834573748309
24,5.0,166.666666666667,1000.0,sots,,40,833.3333333333353,1.44107,0.009360561474137708,1.0
24,5.0,166.666666666667,1000.0,dp,765.625,42,738.4466717540093,0.01573,0.0001702938636592645,91.61284170375079
24,0.5,666.666666666667,1000.0,dp,765.625,42,738.4466717540093,0.01589,0.0004557045826702504,576.7671491504091
24,0.5,666.666666666667,1000.0,reference,,34,971.8253158075504,10.47255,0.05555042254064721,0.8751287890723844
24,0.5,666.666666666667,1000.0,sots,,34,971.8253158075504,9.16483,0.05230700080613786,1.0
24,0.5,666.666666666667,1000.0,squish,0.09561011904761904,64,738.4220826353994,0.03427,0.00041109609582189085,267.4301138021593
24,0.5,666.666666666667,1000.0,dots,2250000.0,64,811.3396147272878,0.24435,0.015625353329338395,37.50697769592797
24,0.1,909.090909090909,1000.0,sots,,34,999.9999999999999,98.09437,0.835580752198399,1.0
24,0.1,909.090909090909,1000.0,dots,2250000.0,64,811.3396147272878,0.24506,0.005551216082985783,400.2871541663266
24,0.1,909.090909090909,1000.0,squish,0.09561011904761904,64,738.4220826353994,0.03474,0.0019721392783810503,2823.6721358664363
24,0.1,909.090909090909,1000.0,reference,,34,999.9999999999999,118.07923,1.6666489866062253,0.8307504207132788
24,0.1,909.090909090909,1000.0,dp,765.625,42,738.4466717540093,0.01636,0.000726024180803305,5995.988386308069
25,299.0,1.0,300.0,dots,113906.25,256,299.63847785037007,0.29357,0.012458112038168363,4.152127260959907
25,299.0,1.0,300.0,sots,,176,299.0027837228914,1.21894,0.017866119394603384,1.0
25,299.0,1.0,300.0,dp,62.109375,258,61.56115001631803,0.05624,0.0036926954924553406,21.673897581792318
25,299.0,1.0,300.0,squish,0.31359649122807015,250,299.63847785037007,0.1168,0.004561919673899477,10.4361301369863
25,299.0,1.0,300.0,reference,,176,299.0027837228914,1.2262899999999999,0.02879461562321838,0.9940063117207186
25,30.0,9.67741935483871,300.0,sots,,176,290.32465701013393,1.23829,0.019001839092279652,1.0
25,30.0,9.67741935483871,300.0,squish,0.31359649122807015,250,299.63847785037007,0.11469,0.003091727312972116,10.796843665533176
25,30.0,9.67741935483871,300.0,dots,113906.25,256,299.63847785037007,0.29997999999999997,0.01457591620905298,4.1279085272351494
25,30.0,9.67741935483871,300.0,reference,,176,290.32465701013393,1.24825,0.02389533892252254,0.992020829160825
25,30.0,9.67741935483871,300.0,dp,62.109375,258,61.56115001631803,0.0562,0.0011303883305208784,22.033629893238434
25,5.0,50.0,300.0,sots,,192,250.00144847332527,1.50266,0.249099409874853,1.0
25,5.0,50.0,300.0,reference,,192,250.00144847332527,1.46119,0.10258701943011872,1.0283809771487624
25,5.0,50.0,300.0,dp,62.109375,258,61.56115001631803,0.05685,0.0024065881796989405,26.432014072119618
25,5.0,50.0,300.0,squish,0.31359649122807015,250,299.63847785037007,0.11733,0.005616454001908637,12.807125202420524
25,5.0,50.0,300.0,dots,113906.25,256,299.63847785037007,0.30777,0.02150736566336699,4.882412190921793
25,0.5,200.0,300.0,reference,,162,299.9999999999995,13.56022,0.3041939651676946,0.9028621954511062
25,0.5,200.0,300.0,sots,,162,299.9999999999995,12.24301,0.17340776895322005,1.0
25,0.5,200.0,300.0,dp,62.109375,258,61.56115001631803,0.05715,0.00354596797629207,214.22589676290463
25,0.5,200.0,300.0,squish,0.31359649122807015,250,299.63847785037007,0.12056,0.014476509708259562,101.55117783676178
25,0.5,200.0,300.0,dots,113906.25,256,299.63847785037007,0.29973,0.013559912323544815,40.846795449237646
25,0.1,272.727272727273,300.0,reference,,156,300.00000000000034,152.27177,7.4643129355695645,0.8516929303442127
25,0.1,272.727272727273,300.0,sots,,156,300.00000000000034,129.68878999999998,5.902250901600545,1.0
25,0.1,272.727272727273,300.0,squish,0.31359649122807015,250,299.63847785037007,0.12056,0.007851567430208517,1075.7198905109487
25,0.1,272.727272727273,300.0,dp,62.109375,258,61.56115001631803,0.06344,0.01402887498459279,2044.2747477931903
25,0.1,272.727272727273,300.0,dots,113906.25,256,299.63847785037007,0.33127,0.02349170302705002,391.4896911884565
25,299.0,3.33333333333333,1000.0,dots,1375000.0,139,990.85715087275,0.33393,0.01718145317874286,4.9677477315605065
25,299.0,3.33333333333333,1000.0,reference,,84,996.6747667262764,1.68786,0.10938963184669538,0.9828303295297003
25,299.0,3.33333333333333,1000.0,sots,,84,996.6747667262764,1.65888,0.10309040045836797,1.0
25,299.0,3.33333333333333,1000.0,squish,0.19078947368421054,152,992.8900480333434,0.10497999999999999,0.03811283831525073,15.80186702228996
25,299.0,3.33333333333333,1000.0,dp,662.109375,100,709.5647250539985,0.03242,0.00833303999483715,51.16841455891425
25,30.0,32.258064516129,1000.0,squish,0.19078947368421054,152,992.8900480333434,0.08477,0.0023475992465116827,18.043411584286893
25,30.0,32.258064516129,1000.0,sots,,86,967.7472457674887,1.52954,0.07367864457674742,1.0
25,30.0,32.258064516129,1000.0,reference,,86,967.7472457674887,1.53989,0.0808776916089968,0.9932787406892699
25,30.0,32.258064516129,1000.0,dp,662.109375,100,709.5647250539985,0.03022,0.0022309937994833898,50.61350099272005
25,30.0,32.258064516129,1000.0,dots,1375000.0,139,990.85715087275,0.3053,0.019964579746251723,5.009957418932197
25,5.0,166.666666666667,1000.0,reference,,96,833.3333333333358,1.62488,0.08847249164445284,1.0215892865934715
25,5.0,166.666666666667,1000.0,dots,1375000.0,139,990.85715087275,0.34753,0.021405453614545166,4.776450953874485
25,5.0,166.666666666667,1000.0,dp,662.109375,100,709.5647250539985,0.03116,0.0030449229145506386,53.27214377406931
25,5.0,166.666666666667,1000.0,sots,,96,833.3333333333358,1.6599599999999999,0.059219257378359993,1.0
25,5.0,166.666666666667,1000.0,squish,0.19078947368421054,152,992.8900480333434,0.08954000000000001,0.005701305893292247,18.53875362966272
25,0.5,666.666666666667,1000.0,squish,0.19078947368421054,152,992.8900480333434,0.0862,0.0034903040300555787,161.01345707656614
25,0.5,666.666666666667,1000.0,reference,,76,1000.0000000000003,15.32274,0.3516713876460365,0.9058014428228894
25,0.5,666.666666666667,1000.0,sots,,76,1000.0000000000003,13.87936,0.1612350540877097,1.0
25,0.5,666.666666666667,1000.0,dots,1375000.0,139,990.85715087275,0.32838,0.018828748704515064,42.266155064254825
25,0.5,666.666666666667,1000.0,dp,662.109375,100,709.5647250539985,0.03018,0.002179602410226844,459.88601722995367
25,0.1,909.090909090909,1000.0,reference,,72,999.9999999999999,140.63433,3.6893873905960146,0.9101818880212248
25,0.1,909.090909090909,1000.0,dp,662.109375,100,709.5647250539985,0.0292,0.0007318166133366712,4383.658219178082
25,0.1,909.090909090909,1000.0,squish,0.19078947368421054,152,992.8900480333434,0.08662,0.009776707012077225,1477.7513276379586
25,0.1,909.090909090909,1000.0,dots,1375000.0,139,990.85715087275,0.30951,0.01519060016369773,413.56602371490413
25,0.1,909.090909090909,1000.0,sots,,72,999.9999999999999,128.00281999999999,6.152544221485394,1.0
26,299.0,1.0,300.0,dots,402187.5,89,290.2514651347299,0.34061,0.006935808852934487,4.003963477290743
26,299.0,1.0,300.0,dp,281.25,64,271.07493173401963,0.0219,0.002122891110412088,62.273515981735166
26,299.0,1.0,300.0,sots,,52,299.00000000000017,1.36379,0.013966980903386262,1.0
26,299.0,1.0,300.0,reference,,52,299.00000000000017,1.37538,0.01002272972353892,0.9915732379415143
26,299.0,1.0,300.0,squish,0.17077020202020202,135,271.86670363558983,0.07845,0.0007619419633774973,17.38419375398343
26,30.0,9.67741935483871,300.0,squish,0.17077020202020202,135,271.86670363558983,0.07955,0.0038009501736042573,17.55901948460088
26,30.0,9.67741935483871,300.0,dots,402187.5,89,290.2514651347299,0.34654,0.014175189593088345,4.030761239683731
26,30.0,9.67741935483871,300.0,reference,,54,290.32258064516185,1.4017,0.009670459026218832,0.9965185132339303
26,30.0,9.67741935483871,300.0,sots,,54,290.32258064516185,1.39682,0.007025951892804296,1.0
26,30.0,9.67741935483871,300.0,dp,281.25,64,271.07493173401963,0.02096,0.00016465452046971333,66.64217557251908
26,5.0,50.0,300.0,dots,402187.5,89,290.2514651347299,0.35237,0.0254152207238978,4.442744842069415
26,5.0,50.0,300.0,reference,,64,250.00000000000065,1.57154,0.007706735870508206,0.9961502729806433
26,5.0,50.0,300.0,squish,0.17077020202020202,135,271.86670363558983,0.07929,0.0034770517524030167,19.743851683692775
26,5.0,50.0,300.0,sots,,64,250.00000000000065,1.56549,0.012473033133747188,1.0
26,5.0,50.0,300.0,dp,281.25,64,271.07493173401963,0.02097,0.0001828782229912697,74.65379113018598
26,0.5,200.0,300.0,reference,,48,300.0000000000002,10.63766,0.05708905713395907,0.9703741236324529
26,0.5,200.0,300.0,squish,0.17077020202020202,135,271.86670363558983,0.07854,0.0007074209810603894,131.4299719887955
26,0.5,200.0,300.0,dp,281.25,64,271.07493173401963,0.0209,0.00023094010767585058,493.90000000000003
26,0.5,200.0,300.0,dots,402187.5,89,290.2514651347299,0.34306,0.012423025217536812,30.089517868594417
26,0.5,200.0,300.0,sots,,48,300.0000000000002,10.32251,0.13177525016313058,1.0
26,0.1,272.727272727273,300.0,sots,,48,299.534763224848,91.2077,2.5467260032354377,1.0
26,0.1,272.727272727273,300.0,dp,281.25,64,271.07493173401963,0.02196,0.002244598454562023,4153.356102003643
26,0.1,272.727272727273,300.0,reference,,48,299.534763224848,100.30238,3.01756952375031,0.9093273758808116
26,0.1,272.727272727273,300.0,dots,402187.5,89,290.2514651347299,0.35731,0.010590084460894964,255.2620973384456
26,0.1,272.727272727273,300.0,squish,0.17077020202020202,135,271.86670363558983,0.0798,0.003034615113797609,1142.953634085213
26,299.0,3.33333333333333,1000.0,squish,0.06723484848484848,53,834.8442678464315,0.04217,0.00205050129372199,44.4991700260849
26,299.0,3.33333333333333,1000.0,dp,718.75,30,631.961803765843,0.01385,0.0006485025486114571,135.48953068592058
26,299.0,3.33333333333333,1000.0,reference,,28,996.6666666666658,1.88608,0.021972143980756895,0.9949365880556499
26,299.0,3.33333333333333,1000.0,sots,,28,996.6666666666658,1.87653,0.06732798741154299,1.0
26,299.0,3.33333333333333,1000.0,dots,4000000.0,47,834.8442678464314,0.5147700000000001,0.03320147419752457,3.6453756046389647
26,30.0,32.258064516129,1000.0,dp,718.75,30,631.961803765843,0.01455,0.0015400216448695344,124.1127147766323
26,30.0,32.258064516129,1000.0,reference,,28,967.7419354838705,1.82961,0.021080135462351997,0.9870081602090064
26,30.0,32.258064516129,1000.0,dots,4000000.0,47,834.8442678464314,0.51904,0.03878926541082096,3.47919235511714
26,30.0,32.258064516129,1000.0,sots,,28,967.7419354838705,1.8058400000000001,0.04010173728572533,1.0
26,30.0,32.258064516129,1000.0,squish,0.06723484848484848,53,834.8442678464315,0.04145,0.001076258952730862,43.56670687575392
26,5.0,166.666666666667,1000.0,sots,,30,833.3359725413717,1.88775,0.08906957642452584,1.0
26,5.0,166.666666666667,1000.0,dp,718.75,30,631.961803765843,0.01405,0.0004222953153106642,134.3594306049822
26,5.0,166.666666666667,1000.0,dots,4000000.0,47,834.8442678464314,0.51488,0.014525670762863627,3.6663882846488502
26,5.0,166.666666666667,1000.0,squish,0.06723484848484848,53,834.8442678464315,0.04184,0.0033247222106181718,45.118307839388144
26,5.0,166.666666666667,1000.0,reference,,30,833.3359725413717,1.90803,0.0685227626413296,0.9893712363013161
26,0.5,666.666666666667,1000.0,squish,0.06723484848484848,53,834.8442678464315,0.04274,0.002035900019374451,391.1527842770238
26,0.5,666.666666666667,1000.0,dp,718.75,30,631.961803765843,0.01488,0.0011133532932342523,1123.512768817204
26,0.5,666.666666666667,1000.0,dots,4000000.0,47,834.8442678464314,0.55666,0.047609714228179195,30.032461466604385
26,0.5,666.666666666667,1000.0,reference,,26,1000.000000000001,18.05377,0.7446912739145288,0.9260043747095481
26,0.5,666.666666666667,1000.0,sots,,26,1000.000000000001,16.717869999999998,0.6345494728107847,1.0
26,0.1,909.090909090909,1000.0,reference,,26,999.9999999999994,161.3456,7.9687041532624505,0.9140932259695956
26,0.1,909.090909090909,1000.0,dp,718.75,30,631.961803765843,0.01426,0.0006095535707019978,10342.561009817671
26,0.1,909.090909090909,1000.0,sots,,26,999.9999999999994,147.48492,6.882756259070762,1.0
26,0.1,909.090909090909,1000.0,dots,4000000.0,47,834.8442678464314,0.5463899999999999,0.07044357000859307,269.9260967440839
26,0.1,909.090909090909,1000.0,squish,0.06723484848484848,53,834.8442678464315,0.04254,0.002359001672082681,3466.9703808180534
27,299.0,1.0,300.0,reference,,156,299.00000000000034,0.73912,0.05529315408700149,1.0002300032471048
27,299.0,1.0,300.0,dots,92109.375,268,253.37194359140133,0.19888,0.027408952308810828,3.7172666934835075
27,299.0,1.0,300.0,squish,0.586453744493392,266,253.37194359140133,0.05262,0.008152954474708337,14.049600912200685
27,299.0,1.0,300.0,sots,,156,299.00000000000034,0.73929,0.0437244261762741,1.0
27,299.0,1.0,300.0,dp,300.0,152,292.85540236369275,0.03853,0.0033196552699205246,19.187386452115234
27,30.0,9.67741935483871,300.0,reference,,158,290.3225806451618,0.71414,0.033983989694495176,1.003822779847089
27,30.0,9.67741935483871,300.0,sots,,158,290.3225806451618,0.71687,0.03297224590469988,1.0
27,30.0,9.67741935483871,300.0,dots,92109.375,268,253.37194359140133,0.19331,0.012625850906418592,3.708395840877347
27,30.0,9.67741935483871,300.0,squish,0.586453744493392,266,253.37194359140133,0.05216,0.004666476186588762,13.743673312883436
27,30.0,9.67741935483871,300.0,dp,300.0,152,292.85540236369275,0.03703,0.0025316002844051042,19.359168241965975
27,5.0,50.0,300.0,sots,,172,250.00148292133827,0.67997,0.031112807295031717,1.0
27,5.0,50.0,300.0,reference,,172,250.00148292133827,0.6812,0.023780103728397273,0.9981943628890193
27,5.0,50.0,300.0,dp,300.0,152,292.85540236369275,0.03698,0.002937043108676178,18.387506760411032
27,5.0,50.0,300.0,squish,0.586453744493392,266,253.37194359140133,0.04975,0.002253022661029204,13.667738693467335
27,5.0,50.0,300.0,dots,92109.375,268,253.37194359140133,0.19407,0.017452223672389463,3.503735765445458
27,0.5,200.0,300.0,dp,300.0,152,292.85540236369275,0.03938,0.00253587591704852,174.06805485017776
27,0.5,200.0,300.0,squish,0.586453744493392,266,253.37194359140133,0.05338,0.002413296500639737,128.4151367553391
27,0.5,200.0,300.0,reference,,144,300.00000000000017,7.23277,0.4476836185671005,0.9477420130876552
27,0.5,200.0,300.0,dots,92109.375,268,253.37194359140133,0.20492,0.037506615712727565,33.45110286941245
27,0.5,200.0,300.0,sots,,144,300.00000000000017,6.8548,0.33619555156023245,1.0
27,0.1,272.727272727273,300.0,squish,0.586453744493392,266,253.37194359140133,0.05415,0.013177948752872478,1039.9135734072024
27,0.1,272.727272727273,300.0,sots,,142,300.00000000000017,56.31132,3.21871832836198,1.0
27,0.1,272.727272727273,300.0,reference,,142,300.00000000000017,62.16497,3.514619055712549,0.9058368402655065
27,0.1,272.727272727273,300.0,dp,300.0,152,292.85540236369275,0.03698,0.0026740730481171725,1522.7506760411034
27,0.1,272.727272727273,300.0,dots,92109.375,268,253.37194359140133,0.18803,0.014765654592856883,299.48050842950596
27,299.0,3.33333333333333,1000.0,dots,1406250.0,107,972.8952801027825,0.20704,0.010453409863665438,4.022073029366306
27,299.0,3.33333333333333,1000.0,dp,921.875,72,911.9147793719652,0.0231,0.009334285665699806,36.04891774891775
27,299.0,3.33333333333333,1000.0,squish,0.2516519823788546,114,896.9216601308042,0.03939,0.002746492712938126,21.140644833714138
27,299.0,3.33333333333333,1000.0,reference,,64,996.6666666666654,0.83016,0.02610364810604917,1.0030957887636118
27,299.0,3.33333333333333,1000.0,sots,,64,996.6666666666654,0.83273,0.013012049970871008,1.0
27,30.0,32.258064516129,1000.0,dots,1406250.0,107,972.8952801027825,0.20836,0.009515507810352994,4.029516221923594
27,30.0,32.258064516129,1000.0,reference,,66,967.7419354838702,0.83377,0.024761800778169942,1.0069803423006345
27,30.0,32.258064516129,1000.0,sots,,66,967.7419354838702,0.8395900000000001,0.0355346919690228,1.0
27,30.0,32.258064516129,1000.0,dp,921.875,72,911.9147793719652,0.02009,0.000859521830890744,41.79143852663017
27,30.0,32.258064516129,1000.0,squish,0.2516519823788546,114,896.9216601308042,0.0395,0.002061822279225616,21.255443037974686
27,5.0,166.666666666667,1000.0,reference,,76,833.3333333333358,0.81925,0.022342597581003563,1.008495575221239
27,5.0,166.666666666667,1000.0,dp,921.875,72,911.9147793719652,0.01993,0.001459109317357682,41.455594581033615
27,5.0,166.666666666667,1000.0,sots,,76,833.3333333333358,0.82621,0.011803808236704329,1.0
27,5.0,166.666666666667,1000.0,squish,0.2516519823788546,114,896.9216601308042,0.03856,0.0011147495981908516,21.42660788381743
27,5.0,166.666666666667,1000.0,dots,1406250.0,107,972.8952801027825,0.20262,0.011368455382231035,4.077633007600435
27,0.5,666.666666666667,1000.0,dp,921.875,72,911.9147793719652,0.0194,0.0002905932629027114,380.24793814432985
27,0.5,666.666666666667,1000.0,reference,,60,977.9773853529637,7.68684,0.026367833939606473,0.9596674316103886
27,0.5,666.666666666667,1000.0,sots,,60,977.9773853529637,7.37681,0.03761165451765661,1.0
27,0.5,666.666666666667,1000.0,dots,1406250.0,107,972.8952801027825,0.19237,0.004304532494940653,38.34698757602536
27,0.5,666.666666666667,1000.0,squish,0.2516519823788546,114,896.9216601308042,0.03815,0.0002592724864350676,193.36330275229355
27,0.1,909.090909090909,1000.0,sots,,58,992.2218160428671,61.89646,1.838534049604616,1.0
27,0.1,909.090909090909,1000.0,reference,,58,992.2218160428671,66.46934,1.0817289362661777,0.931203168257726
27,0.1,909.090909090909,1000.0,dp,921.875,72,911.9147793719652,0.01939,0.0003348299734359387,3192.184631253223
27,0.1,909.090909090909,1000.0,dots,1406250.0,107,972.8952801027825,0.19619,0.008443465586541531,315.49243080687086
27,0.1,909.090909090909,1000.0,squish,0.2516519823788546,114,896.9216601308042,0.03813,0.000563816360962403,1623.30081300813
28,299.0,1.0,300.0,squish,1.0,5,0.0,0.00028,7.888106377466154e-05,85.28571428571429
28,299.0,1.0,300.0,dp,0.0,5,0.0,0.0012799999999999999,0.0001032795558988645,18.65625
28,299.0,1.0,300.0,reference,,6,299.00000000000017,0.02263,0.0009718824803213378,1.0552364118426867
28,299.0,1.0,300.0,dots,1e-09,5,0.0,0.00962,0.0009114091653404999,2.4823284823284824
28,299.0,1.0,300.0,sots,,6,299.00000000000017,0.02388,0.0012541486709672378,1.0
28,30.0,9.67741935483871,300.0,squish,1.0,5,0.0,0.00033,0.00010593499054713803,71.84848484848486
28,30.0,9.67741935483871,300.0,dots,1e-09,5,0.0,0.01064,0.0013133502536981098,2.2283834586466167
28,30.0,9.67741935483871,300.0,reference,,6,290.3225806451618,0.02345,0.0017063606496478603,1.011087420042644
28,30.0,9.67741935483871,300.0,sots,,6,290.3225806451618,0.023710000000000002,0.002125741700625402,1.0
28,30.0,9.67741935483871,300.0,dp,0.0,5,0.0,0.00123,6.749485577105527e-05,19.276422764227643
28,5.0,50.0,300.0,squish,1.0,5,0.0,0.00031,7.378647873726218e-05,74.61290322580646
28,5.0,50.0,300.0,reference,,6,250.00000000000057,0.02393,0.0054113153052962396,0.9665691600501464
28,5.0,50.0,300.0,dots,1e-09,5,0.0,0.0095,0.0006599663291074441,2.4347368421052633
28,5.0,50.0,300.0,sots,,6,250.00000000000057,0.02313,0.0007930952023559342,1.0
28,5.0,50.0,300.0,dp,0.0,5,0.0,0.00125,9.718253158075499e-05,18.504
28,0.5,200.0,300.0,reference,,6,291.547594742265,0.06425,0.0008501633829904577,1.0474708171206226
28,0.5,200.0,300.0,sots,,6,291.547594742265,0.0673,0.0012970050972229143,1.0
28,0.5,200.0,300.0,dots,1e-09,5,0.0,0.01012,0.0012612163441165307,6.650197628458497
28,0.5,200.0,300.0,squish,1.0,5,0.0,0.00028,7.888106377466154e-05,240.35714285714286
28,0.5,200.0,300.0,dp,0.0,5,0.0,0.00124,9.660917830792956e-05,54.274193548387096
28,0.1,272.727272727273,300.0,sots,,6,297.04119423807253,0.37291,0.006525922667842974,1.0
28,0.1,272.727272727273,300.0,dp,0.0,5,0.0,0.0013,0.00010540925533894602,286.8538461538462
28,0.1,272.727272727273,300.0,squish,1.0,5,0.0,0.00028,4.2163702135578373e-05,1331.8214285714287
28,0.1,272.727272727273,300.0,dots,1e-09,5,0.0,0.01005,0.0009204467514322717,37.105472636815925
28,0.1,272.727272727273,300.0,reference,,6,297.04119423807253,0.37338,0.012208266780250901,0.9987412287749746
28,299.0,3.33333333333333,1000.0,sots,,4,996.6666666666655,0.02526,0.0006432556084308767,1.0
28,299.0,3.33333333333333,1000.0,squish,1.0,5,0.0,0.00027,6.749485577105528e-05,93.55555555555556
28,299.0,3.33333333333333,1000.0,dp,0.0,5,0.0,0.0012,0.00010540925533894593,21.050000000000004
28,299.0,3.33333333333333,1000.0,dots,1e-09,5,0.0,0.01038,0.0012976902558006669,2.433526011560694
28,299.0,3.33333333333333,1000.0,reference,,4,996.6666666666655,0.02605,0.00468098992379461,0.9696737044145873
28,30.0,32.258064516129,1000.0,sots,,4,967.7419354838701,0.02487,0.0012302212989720358,1.0
28,30.0,32.258064516129,1000.0,dots,1e-09,5,0.0,0.00999,0.0012511772234357708,2.4894894894894892
28,30.0,32.258064516129,1000.0,reference,,4,967.7419354838701,0.02489,0.0007978443178688153,0.9991964644435517
28,30.0,32.258064516129,1000.0,dp,0.0,5,0.0,0.0012699999999999999,0.00011595018087284059,19.582677165354333
28,30.0,32.258064516129,1000.0,squish,1.0,5,0.0,0.00029,5.676462121975467e-05,85.75862068965517
28,5.0,166.666666666667,1000.0,dots,1e-09,5,0.0,0.01068,0.0018004937594387207,2.297752808988764
28,5.0,166.666666666667,1000.0,dp,0.0,5,0.0,0.00121,7.378647873726214e-05,20.280991735537192
28,5.0,166.666666666667,1000.0,sots,,4,833.3333333333351,0.02454,0.0005015531433014406,1.0
28,5.0,166.666666666667,1000.0,squish,1.0,5,0.0,0.00028,4.2163702135578373e-05,87.64285714285715
28,5.0,166.666666666667,1000.0,reference,,4,833.3333333333351,0.02395,0.0009107384061542834,1.024634655532359
28,0.5,666.666666666667,1000.0,dp,0.0,5,0.0,0.0012799999999999999,9.189365834726814e-05,65.48437500000001
28,0.5,666.666666666667,1000.0,sots,,4,985.275020860733,0.08382,0.0015984714921171137,1.0
28,0.5,666.666666666667,1000.0,dots,1e-09,5,0.0,0.01029,0.0017149344010777788,8.145772594752186
28,0.5,666.666666666667,1000.0,squish,1.0,5,0.0,0.00025,5.270462766947297e-05,335.28000000000003
28,0.5,666.666666666667,1000.0,reference,,4,985.275020860733,0.08199000000000001,0.0022659067353563616,1.022319795096963
28,0.1,909.090909090909,1000.0,sots,,4,998.4492107494913,0.49558,0.0048805282045651125,1.0
28,0.1,909.090909090909,1000.0,reference,,4,998.4492107494913,0.50314,0.0033754670458734726,0.9849743610128393
28,0.1,909.090909090909,1000.0,dots,1e-09,5,0.0,0.010069999999999999,0.0011205653335110213,49.21350546176763
28,0.1,909.090909090909,1000.0,squish,1.0,5,0.0,0.00028,9.189365834726814e-05,1769.9285714285716
28,0.1,909.090909090909,1000.0,dp,0.0,5,0.0,0.00122,0.00016865480854231355,406.2131147540984
29,299.0,1.0,300.0,reference,,186,299.0015889424579,0.98236,0.007262567651243532,1.011350217842746
29,299.0,1.0,300.0,squish,0.49494556765163294,318,287.8236294758135,0.09077,0.001157631681974501,10.945356395284785
29,299.0,1.0,300.0,sots,,186,299.0015889424579,0.99351,0.0074769943456207116,1.0
29,299.0,1.0,300.0,dp,83.7890625,352,91.04812687454748,0.07017,0.0019276064605273215,14.15861479264643
29,299.0,1.0,300.0,dots,102656.25,291,278.10420715845805,0.26833,0.014868987113377224,3.7025677337606675
29,30.0,9.67741935483871,300.0,sots,,190,290.32404034207326,0.97372,0.003347237667092076,1.0
29,30.0,9.67741935483871,300.0,reference,,190,290.32404034207326,0.96061,0.0042563547262364715,1.0136475781014147
29,30.0,9.67741935483871,300.0,dp,83.7890625,352,91.04812687454748,0.06983,0.002877518220813052,13.944150078762709
29,30.0,9.67741935483871,300.0,squish,0.49494556765163294,318,287.8236294758135,0.09045,0.0008592632503100147,10.765284687672747
29,30.0,9.67741935483871,300.0,dots,102656.25,291,278.10420715845805,0.26117999999999997,0.009060635248762149,3.7281568267095495
29,5.0,50.0,300.0,dots,102656.25,291,278.10420715845805,0.27035,0.008665673019961516,3.8549657850933974
29,5.0,50.0,300.0,sots,,218,250.0016112571649,1.04219,0.053070884463873175,1.0
29,5.0,50.0,300.0,reference,,218,250.0016112571649,1.00449,0.018768676624158175,1.037531483638463
29,5.0,50.0,300.0,squish,0.49494556765163294,318,287.8236294758135,0.09442,0.004615866356624964,11.037809786062274
29,5.0,50.0,300.0,dp,83.7890625,352,91.04812687454748,0.07267,0.005102080185789147,14.341406357506536
29,0.5,200.0,300.0,dots,102656.25,291,278.10420715845805,0.29666,0.06356281582462782,29.622867929616397
29,0.5,200.0,300.0,dp,83.7890625,352,91.04812687454748,0.07035,0.0031472209963712442,124.91712864250178
29,0.5,200.0,300.0,sots,,170,300.0000000000002,8.78792,0.08692111110400935,1.0
29,0.5,200.0,300.0,squish,0.49494556765163294,318,287.8236294758135,0.09676,0.006136267414135222,90.82182720132286
29,0.5,200.0,300.0,reference,,170,300.0000000000002,9.05347,0.30719292182962504,0.9706687049275028
29,0.1,272.727272727273,300.0,dots,102656.25,291,278.10420715845805,0.27118,0.010074919354515948,264.68917324286457
29,0.1,272.727272727273,300.0,sots,,166,300.0000000000005,71.77841000000001,1.316487242162938,1.0
29,0.1,272.727272727273,300.0,squish,0.49494556765163294,318,287.8236294758135,0.09754,0.009486973525137858,735.8869181874104
29,0.1,272.727272727273,300.0,reference,,166,300.0000000000005,78.66169,2.24478596873832,0.9124951421714943
29,0.1,272.727272727273,300.0,dp,83.7890625,352,91.04812687454748,0.07486,0.0060481769521438826,958.8352925460862
29,299.0,3.33333333333333,1000.0,dots,2406250.0,94,938.5143819060289,0.31784,0.03777357100760619,4.025862068965517
29,299.0,3.33333333333333,1000.0,reference,,66,996.6666666666655,1.25663,0.029333335227272654,1.0182631323460367
29,299.0,3.33333333333333,1000.0,dp,843.75,77,837.2754668903167,0.02423,0.0007674633541739956,52.809739991745765
29,299.0,3.33333333333333,1000.0,sots,,66,996.6666666666655,1.27958,0.07446723067527385,1.0
29,299.0,3.33333333333333,1000.0,squish,0.27566096423017106,177,922.6215510793957,0.08524999999999999,0.0041438709761123915,15.009736070381232
29,30.0,32.258064516129,1000.0,sots,,68,967.7508014898613,1.27535,0.064783850010803,1.0
29,30.0,32.258064516129,1000.0,dots,2406250.0,94,938.5143819060289,0.34248,0.03832816776790203,3.7238670871291752
29,30.0,32.258064516129,1000.0,dp,843.75,77,837.2754668903167,0.02568,0.002252800726009984,49.663161993769464
29,30.0,32.258064516129,1000.0,squish,0.27566096423017106,177,922.6215510793957,0.08998,0.005888746329511343,14.173705267837295
29,30.0,32.258064516129,1000.0,reference,,68,967.7508014898613,1.2867199999999999,0.05091716148150183,0.9911635787117633
29,5.0,166.666666666667,1000.0,squish,0.27566096423017106,177,922.6215510793957,0.08752,0.004971652977967522,14.855804387568558
29,5.0,166.666666666667,1000.0,reference,,88,833.3333333333358,1.28993,0.04439051575380593,1.007946167621499
29,5.0,166.666666666667,1000.0,dp,843.75,77,837.2754668903167,0.02543,0.0009730250653389034,51.12780180888714
29,5.0,166.666666666667,1000.0,sots,,88,833.3333333333358,1.3001800000000001,0.04161671138697369,1.0
29,5.0,166.666666666667,1000.0,dots,2406250.0,94,938.5143819060289,0.33627,0.02143206579974139,3.866476343414518
29,0.5,666.666666666667,1000.0,sots,,56,997.3788943944852,10.16972,0.5223250792796038,1.0
29,0.5,666.666666666667,1000.0,squish,0.27566096423017106,177,922.6215510793957,0.08548,0.004048264374326909,118.9719232569022
29,0.5,666.666666666667,1000.0,reference,,56,997.3788943944852,10.72067,0.5964377010402867,0.9486086224088606
29,0.5,666.666666666667,1000.0,dp,843.75,77,837.2754668903167,0.02437,0.0006929005059249933,417.3048830529339
29,0.5,666.666666666667,1000.0,dots,2406250.0,94,938.5143819060289,0.30739,0.022690254883245952,33.084095123458795
29,0.1,909.090909090909,1000.0,dots,2406250.0,94,938.5143819060289,0.35183,0.044510324644963,270.58076343688714
29,0.1,909.090909090909,1000.0,squish,0.27566096423017106,177,922.6215510793957,0.09839,0.015326335359620562,967.5620489887183
29,0.1,909.090909090909,1000.0,dp,843.75,77,837.2754668903167,0.02656,0.0015917844633548152,3584.278237951807
29,0.1,909.090909090909,1000.0,sots,,54,999.9747170082595,95.19843,1.4703141901950363,1.0
29,0.1,909.090909090909,1000.0,reference,,54,999.9747170082595,104.06585,3.5088548522116016,0.9147902986426383
30,299.0,1.0,300.0,reference,,40,299.00000000000017,2.43815,0.09454306778747275,0.9877407050427578
30,299.0,1.0,300.0,sots,,40,299.00000000000017,2.40826,0.17469928575825502,1.0
30,299.0,1.0,300.0,dots,540000.0,66,283.2406115327767,0.63413,0.03329791618438339,3.797738634034031
30,299.0,1.0,300.0,squish,0.11725,117,245.57081806414976,0.09570000000000001,0.004656894530335283,25.164681295715774
30,299.0,1.0,300.0,dp,300.0,47,291.4897641936884,0.02002,0.0014250146198080446,120.29270729270729
30,30.0,9.67741935483871,300.0,squish,0.11725,117,245.57081806414976,0.09633,0.005445293584575789,24.671234298764666
30,30.0,9.67741935483871,300.0,dp,300.0,47,291.4897641936884,0.0204,0.0011460075625114056,116.49901960784314
30,30.0,9.67741935483871,300.0,sots,,40,287.1672318950135,2.37658,0.2629951575388582,1.0
30,30.0,9.67741935483871,300.0,reference,,40,287.1672318950135,2.37694,0.08236323613522398,0.9998485447676425
30,30.0,9.67741935483871,300.0,dots,540000.0,66,283.2406115327767,0.6761199999999999,0.0682114816011368,3.515026918298527
30,5.0,50.0,300.0,dp,300.0,47,291.4897641936884,0.01977,0.0018263807562134099,123.40313606474457
30,5.0,50.0,300.0,dots,540000.0,66,283.2406115327767,0.63252,0.03388302754411941,3.857079618035794
30,5.0,50.0,300.0,reference,,50,249.99999999999991,2.41738,0.09753387787498932,1.0092248632817347
30,5.0,50.0,300.0,squish,0.11725,117,245.57081806414976,0.09507,0.005325003912361629,25.661933312296203
30,5.0,50.0,300.0,sots,,50,249.99999999999991,2.43968,0.07621762409195278,1.0
30,0.5,200.0,300.0,reference,,34,291.547594742265,18.33844,1.1065469304703408,0.9556238153299846
30,0.5,200.0,300.0,sots,,34,291.547594742265,17.52465,1.1335754831995575,1.0
30,0.5,200.0,300.0,dots,540000.0,66,283.2406115327767,0.6275,0.0432500738599241,27.927729083665344
30,0.5,200.0,300.0,dp,300.0,47,291.4897641936884,0.02015,0.0018828170383762733,869.7096774193549
30,0.5,200.0,300.0,squish,0.11725,117,245.57081806414976,0.09338,0.005441568401358806,187.6702720068537
30,0.1,272.727272727273,300.0,sots,,34,298.93386470296394,144.46535,6.2354205639591305,1.0
30,0.1,272.727272727273,300.0,dp,300.0,47,291.4897641936884,0.01933,0.0012247902314727656,7473.634247284014
30,0.1,272.727272727273,300.0,dots,540000.0,66,283.2406115327767,0.58669,0.02978442732555237,246.23796212650632
30,0.1,272.727272727273,300.0,reference,,34,298.93386470296394,164.05211,6.47043887408128,0.880606473150513
30,0.1,272.727272727273,300.0,squish,0.11725,117,245.57081806414976,0.09306,0.00674441332593956,1552.3893187191059
30,299.0,3.33333333333333,1000.0,squish,0.05125,51,619.2461355129781,0.05064,0.003064201908055885,48.410545023696685
30,299.0,3.33333333333333,1000.0,dots,7000000.0,27,988.675329694886,0.8527899999999999,0.054143193888469915,2.874693652599116
30,299.0,3.33333333333333,1000.0,dp,1005.37109375,17,824.6514470292932,0.01126,0.0008487899884214258,217.71847246891653
30,299.0,3.33333333333333,1000.0,sots,,14,946.3981505087121,2.45151,0.051894239671770065,1.0
30,299.0,3.33333333333333,1000.0,reference,,14,946.3981505087121,2.48487,0.05454329676708427,0.9865747503893564
30,30.0,32.258064516129,1000.0,sots,,14,967.7419354838698,2.42344,0.009288248250103742,1.0
30,30.0,32.258064516129,1000.0,dots,7000000.0,27,988.675329694886,0.83913,0.023390028739709672,2.8880388020926433
30,30.0,32.258064516129,1000.0,dp,1005.37109375,17,824.6514470292932,0.01094,8.432740427115627e-05,221.52102376599632
30,30.0,32.258064516129,1000.0,squish,0.05125,51,619.2461355129781,0.04905,0.00076630426217151,49.40754332313965
30,30.0,32.258064516129,1000.0,reference,,14,967.7419354838698,2.45865,0.009590765234212406,0.9856791328574623
30,5.0,166.666666666667,1000.0,squish,0.05125,51,619.2461355129781,0.05033,0.003086187867832344,40.723226703755216
30,5.0,166.666666666667,1000.0,reference,,14,833.3333333333346,2.07726,0.01033636514662891,0.986684382311314
30,5.0,166.666666666667,1000.0,dots,7000000.0,27,988.675329694886,0.8293,0.025472294317115955,2.4714819727481006
30,5.0,166.666666666667,1000.0,sots,,14,833.3333333333346,2.0496,0.016936285831839808,1.0
30,5.0,166.666666666667,1000.0,dp,1005.37109375,17,824.6514470292932,0.01095,0.00010801234497346412,187.17808219178082
30,0.5,666.666666666667,1000.0,dp,1005.37109375,17,824.6514470292932,0.01096,0.00019550504398153551,1782.0045620437959
30,0.5,666.666666666667,1000.0,squish,0.05125,51,619.2461355129781,0.04913,0.00027507574714370243,397.53246488906984
30,0.5,666.666666666667,1000.0,dots,7000000.0,27,988.675329694886,0.84158,0.027733565704154698,23.20726490648542
30,0.5,666.666666666667,1000.0,reference,,14,1000.0000000000003,20.98761,0.09988434923561447,0.9305857122368865
30,0.5,666.666666666667,1000.0,sots,,14,1000.0000000000003,19.53077,0.10963026802241554,1.0
30,0.1,909.090909090909,1000.0,sots,,12,999.9999999999999,173.04289,1.8061393790501241,1.0
30,0.1,909.090909090909,1000.0,squish,0.05125,51,619.2461355129781,0.04916,0.0007486283753935897,3519.9936940602115
30,0.1,909.090909090909,1000.0,dots,7000000.0,27,988.675329694886,0.84087,0.035070723783045404,205.79030052207833
30,0.1,909.090909090909,1000.0,dp,1005.37109375,17,824.6514470292932,0.01099,0.00020248456731316602,15745.485896269336
30,0.1,909.090909090909,1000.0,reference,,12,999.9999999999999,192.4032,2.3785627368924596,0.8993763617237135
